Workbook
Name AgentNames: Lists!$H$2:$H$465
Name ResOptions: Lists!$A$2:$A$23
Name ExpOptions: Lists!$B$2:$B$23
Name AuditorNames: Lists!$C$2:$C$16
Name Timeframes: Lists!$D$2:$D$7
Name ValFilter: Lists!$F$2:$F$4
Name TLFilter: Lists!$G$2:$G$41
Name AudFilter: Lists!$I$2:$I$17

Sheet START HERE
B2: 🛡 HP MAINSTREAM EQMS — Excel Edition (live team co-authoring)
B5: HOW THE LIVE SYNC WORKS
B6: This workbook lives in the team's SharePoint 'EQMS' folder. Everyone opens it IN THE BROWSER
B7: (SharePoint > click the file > it opens in Excel Online). Microsoft 365 co-authoring shows every
B8: auditor's entries to everyone else within seconds, automatically. Do NOT download personal copies.
B10: HOW TO LOG AN AUDIT (sheet: Audit Log)
B11: 1. Go to the first empty row, type the Audit Date (shortcut: Ctrl+; inserts today), and
B12: pick the Agent Name from the dropdown — EID, emails, TL, OM, SOM auto-fill instantly.
B13: A RED date cell means the audit has no date yet — it will NOT count on any dashboard
B14: until the date is filled in.
B15: 3. Fill Channel (if blank), Case Number, Genesys Transaction ID.
B16: 4. Pick 'Validation Result / Case Resolution': 'Valid (Pass)' or the invalid defect reason.
... B43: so any mistake can be rolled back. No manual backups needed.

Sheet Dashboard
B1: 🛡 EXECUTIVE DASHBOARD — regular audits (quick cases counted on their own dashboard)
B2: 📅 Timeframe | C2: All Time | D2: 👤 Team Leader | E2: All Team Leaders | F2: 🏷 Auditor | G2: All Auditors | H2: ✅ Validation | I2: All Statuses
B4: REGULAR AUDITS | D4: VALID AUDITS | F4: INVALID AUDITS | H4: INVALID PERCENTAGE
C5: ='Calc'!$B$7 | E5: ='Calc'!$B$8 | G5: ='Calc'!$B$9 | I5: ='Calc'!$B$10
B7: TOP DEFECTIVE RESOLUTION CODE | F7: LATEST AUDIT (FILTERED)
B8: =IF('Calc'!$L$2=0,"—",'Calc'!$K$2&" ("&'Calc'!$L$2&"x)") | F8: ='Calc'!$B$11

Sheet Quick Case Dashboard
B1: ⚡ QUICK CASE DASHBOARD — quick case audits only
B2: 📅 Timeframe | C2: All Time | D2: 👤 Team Leader | E2: All Team Leaders | F2: 🏷 Auditor | G2: All Auditors | H2: ✅ Validation | I2: All Statuses
B4: QUICK CASE AUDITS | D4: VALID AUDITS | F4: INVALID AUDITS | H4: INVALID PERCENTAGE
C5: ='CalcQC'!$B$7 | E5: ='CalcQC'!$B$8 | G5: ='CalcQC'!$B$9 | I5: ='CalcQC'!$B$10
B7: TOP DEFECTIVE RESOLUTION CODE | F7: LATEST AUDIT (FILTERED)
B8: =IF('CalcQC'!$L$2=0,"—",'CalcQC'!$K$2&" ("&'CalcQC'!$L$2&"x)") | F8: ='CalcQC'!$B$11

Sheet Special Codes
B1: 📌 SPECIAL CODES DASHBOARD — Remote Solution · DNAP · SubCan · Void
B2: 📅 Timeframe | C2: All Time | D2: 👤 Team Leader | E2: All Team Leaders | F2: 🏷 Auditor | G2: All Auditors
B4: REMOTE SOLUTION | G4: DNAP
B5: AUDITS | C5: VALID | D5: INVALID | E5: INVALID % | G5: AUDITS | H5: VALID | I5: INVALID | J5: INVALID %
B6: ='CalcCodes'!$F$8 | C6: ='CalcCodes'!$J$8 | D6: ='CalcCodes'!$K$8 | E6: ='CalcCodes'!$L$8 | G6: ='CalcCodes'!$F$9 | H6: ='CalcCodes'!$J$9 | I6: ='CalcCodes'!$K$9 | J6: ='CalcCodes'!$L$9
B10: SUBCAN | G10: VOID
B11: AUDITS | C11: VALID | D11: INVALID | E11: INVALID % | G11: AUDITS | H11: VALID | I11: INVALID | J11: INVALID %
B12: ='CalcCodes'!$F$10 | C12: ='CalcCodes'!$J$10 | D12: ='CalcCodes'!$K$10 | E12: ='CalcCodes'!$L$10 | G12: ='CalcCodes'!$F$11 | H12: ='CalcCodes'!$J$11 | I12: ='CalcCodes'!$K$11 | J12: ='CalcCodes'!$L$11
B16: Counting rule: an audit belongs to a category when its tagged Case Resolution OR its Expected Resolution Code contains the keyword. Categories are independent of the Executive and Quick Case dashboards (those are unchanged) and may overlap each other.

Sheet Audit Log
A1: auditId | B1: auditDate | C1: agentName | D1: agentEid | E1: agentEmail | F1: teamLeader | G1: tlEmail | H1: operationsManager | I1: omEmail | J1: somEmail | K1: channel | L1: lob | M1: caseNumber | N1: genesysTransactionId | O1: validation | P1: caseResolution | Q1: expectedResolutionCode | R1: remarks | S1: auditorName | T1: quickCase | U1: sendEmail
A2: =IF($C2="","","AUD-2026-"&TEXT(ROW()-1,"000000")) | D2: =IF($C2="","",IFERROR(IF(INDEX(Roster!$A:$A,MATCH($C2,Roster!$B:$B,0))="","",INDEX(Roster!$A:$A,MATCH($C2,Roster!$B:$B,0))&""),"—")) | E2: =IF($C2="","",IFERROR(IF(INDEX(Roster!$C:$C,MATCH($C2,Roster!$B:$B,0))="","",INDEX(Roster!$C:$C,MATCH($C2,Roster!$B:$B,0))&""),"—")) | F2: =IF($C2="","",IFERROR(IF(INDEX(Roster!$D:$D,MATCH($C2,Roster!$B:$B,0))="","",INDEX(Roster!$D:$D,MATCH($C2,Roster!$B:$B,0))&""),"—")) | G2: =IF($C2="","",IFERROR(IF(INDEX(Roster!$E:$E,MATCH($C2,Roster!$B:$B,0))="","",INDEX(Roster!$E:$E,MATCH($C2,Roster!$B:$B,0))&""),"—")) | H2: =IF($C2="","",IFERROR(IF(INDEX(Roster!$F:$F,MATCH($C2,Roster!$B:$B,0))="","",INDEX(Roster!$F:$F,MATCH($C2,Roster!$B:$B,0))&""),"—")) | I2: =IF($C2="","",IFERROR(IF(INDEX(Roster!$G:$G,MATCH($C2,Roster!$B:$B,0))="","",INDEX(Roster!$G:$G,MATCH($C2,Roster!$B:$B,0))&""),"—")) | J2: =IF($C2="","",IFERROR(IF(INDEX(Roster!$I:$I,MATCH($C2,Roster!$B:$B,0))="","",INDEX(Roster!$I:$I,MATCH($C2,Roster!$B:$B,0))&""),"—")) | K2: =IF($C2="","",IFERROR(IF(INDEX(Roster!$J:$J,MATCH($C2,Roster!$B:$B,0))="","",INDEX(Roster!$J:$J,MATCH($C2,Roster!$B:$B,0))&""),"—")) | L2: =IF($C2="","",IFERROR(IF(INDEX(Roster!$K:$K,MATCH($C2,Roster!$B:$B,0))="","",INDEX(Roster!$K:$K,MATCH($C2,Roster!$B:$B,0))&""),"—")) | O2: =IF($C2="","",IF($P2="","—",IF($P2="Valid (Pass)","Valid","Invalid"))) | T2: =IF($C2="","",IF(OR(ISNUMBER(SEARCH("quick case",$P2)),ISNUMBER(SEARCH("quick case",$Q2))),"Yes","No")) | U2: =IF($O2="Invalid",HYPERLINK("mailto:"&$G2&";"&$I2&"?cc="&Lists!$E$2&"&subject="&_xlfn.ENCODEURL("[INVALID] Quality audit monitoring completed for "&UPPER($C2))&"&body="&_xlfn.ENCODEURL("Hi "&$F2&","&CHAR(10)&"Good day!"&CHAR(10)&CHAR(10)&"A quality monitoring audit has been completed for "&$C2&"."&CHAR(10)&CHAR(10)&"QUALITY AUDIT DETAILS"&CHAR(10)&"Agent Name: "&$C2&" (EID "&$D2&")"&CHAR(10)&"Audit Date: "&TEXT($B2,"yyyy-mm-dd")&CHAR(10)&"Team Leader: "&$F2&CHAR(10)&"Case Number: "&$M2&CHAR(10)&"Transaction ID: "&$N2&CHAR(10)&"Channel / LOB: "&$K2&" / "&$L2&CHAR(10)&"Evaluator: "&$S2&CHAR(10)&CHAR(10)&"INVALID QUALITY AUDIT DETAILS"&CHAR(10)&"Validation: Invalid"&CHAR(10)&"Invalid Reason: "&$P2&CHAR(10)&"Expected Resolution Code: "&$Q2&CHAR(10)&"Remarks: "&LEFT($R2,600)&CHAR(10)&CHAR(10)&"This is an automated notification from HP Mainstream EQMS."),"✉ Open Email Draft"),"")
A3: =IF($C3="","","AUD-2026-"&TEXT(ROW()-1,"000000")) | D3: =IF($C3="","",IFERROR(IF(INDEX(Roster!$A:$A,MATCH($C3,Roster!$B:$B,0))="","",INDEX(Roster!$A:$A,MATCH($C3,Roster!$B:$B,0))&""),"—")) | E3: =IF($C3="","",IFERROR(IF(INDEX(Roster!$C:$C,MATCH($C3,Roster!$B:$B,0))="","",INDEX(Roster!$C:$C,MATCH($C3,Roster!$B:$B,0))&""),"—")) | F3: =IF($C3="","",IFERROR(IF(INDEX(Roster!$D:$D,MATCH($C3,Roster!$B:$B,0))="","",INDEX(Roster!$D:$D,MATCH($C3,Roster!$B:$B,0))&""),"—")) | G3: =IF($C3="","",IFERROR(IF(INDEX(Roster!$E:$E,MATCH($C3,Roster!$B:$B,0))="","",INDEX(Roster!$E:$E,MATCH($C3,Roster!$B:$B,0))&""),"—")) | H3: =IF($C3="","",IFERROR(IF(INDEX(Roster!$F:$F,MATCH($C3,Roster!$B:$B,0))="","",INDEX(Roster!$F:$F,MATCH($C3,Roster!$B:$B,0))&""),"—")) | I3: =IF($C3="","",IFERROR(IF(INDEX(Roster!$G:$G,MATCH($C3,Roster!$B:$B,0))="","",INDEX(Roster!$G:$G,MATCH($C3,Roster!$B:$B,0))&""),"—")) | J3: =IF($C3="","",IFERROR(IF(INDEX(Roster!$I:$I,MATCH($C3,Roster!$B:$B,0))="","",INDEX(Roster!$I:$I,MATCH($C3,Roster!$B:$B,0))&""),"—")) | K3: =IF($C3="","",IFERROR(IF(INDEX(Roster!$J:$J,MATCH($C3,Roster!$B:$B,0))="","",INDEX(Roster!$J:$J,MATCH($C3,Roster!$B:$B,0))&""),"—")) | L3: =IF($C3="","",IFERROR(IF(INDEX(Roster!$K:$K,MATCH($C3,Roster!$B:$B,0))="","",INDEX(Roster!$K:$K,MATCH($C3,Roster!$B:$B,0))&""),"—")) | O3: =IF($C3="","",IF($P3="","—",IF($P3="Valid (Pass)","Valid","Invalid"))) | T3: =IF($C3="","",IF(OR(ISNUMBER(SEARCH("quick case",$P3)),ISNUMBER(SEARCH("quick case",$Q3))),"Yes","No")) | U3: =IF($O3="Invalid",HYPERLINK("mailto:"&$G3&";"&$I3&"?cc="&Lists!$E$2&"&subject="&_xlfn.ENCODEURL("[INVALID] Quality audit monitoring completed for "&UPPER($C3))&"&body="&_xlfn.ENCODEURL("Hi "&$F3&","&CHAR(10)&"Good day!"&CHAR(10)&CHAR(10)&"A quality monitoring audit has been completed for "&$C3&"."&CHAR(10)&CHAR(10)&"QUALITY AUDIT DETAILS"&CHAR(10)&"Agent Name: "&$C3&" (EID "&$D3&")"&CHAR(10)&"Audit Date: "&TEXT($B3,"yyyy-mm-dd")&CHAR(10)&"Team Leader: "&$F3&CHAR(10)&"Case Number: "&$M3&CHAR(10)&"Transaction ID: "&$N3&CHAR(10)&"Channel / LOB: "&$K3&" / "&$L3&CHAR(10)&"Evaluator: "&$S3&CHAR(10)&CHAR(10)&"INVALID QUALITY AUDIT DETAILS"&CHAR(10)&"Validation: Invalid"&CHAR(10)&"Invalid Reason: "&$P3&CHAR(10)&"Expected Resolution Code: "&$Q3&CHAR(10)&"Remarks: "&LEFT($R3,600)&CHAR(10)&CHAR(10)&"This is an automated notification from HP Mainstream EQMS."),"✉ Open Email Draft"),"")
A4: =IF($C4="","","AUD-2026-"&TEXT(ROW()-1,"000000")) | D4: =IF($C4="","",IFERROR(IF(INDEX(Roster!$A:$A,MATCH($C4,Roster!$B:$B,0))="","",INDEX(Roster!$A:$A,MATCH($C4,Roster!$B:$B,0))&""),"—")) | E4: =IF($C4="","",IFERROR(IF(INDEX(Roster!$C:$C,MATCH($C4,Roster!$B:$B,0))="","",INDEX(Roster!$C:$C,MATCH($C4,Roster!$B:$B,0))&""),"—")) | F4: =IF($C4="","",IFERROR(IF(INDEX(Roster!$D:$D,MATCH($C4,Roster!$B:$B,0))="","",INDEX(Roster!$D:$D,MATCH($C4,Roster!$B:$B,0))&""),"—")) | G4: =IF($C4="","",IFERROR(IF(INDEX(Roster!$E:$E,MATCH($C4,Roster!$B:$B,0))="","",INDEX(Roster!$E:$E,MATCH($C4,Roster!$B:$B,0))&""),"—")) | H4: =IF($C4="","",IFERROR(IF(INDEX(Roster!$F:$F,MATCH($C4,Roster!$B:$B,0))="","",INDEX(Roster!$F:$F,MATCH($C4,Roster!$B:$B,0))&""),"—")) | I4: =IF($C4="","",IFERROR(IF(INDEX(Roster!$G:$G,MATCH($C4,Roster!$B:$B,0))="","",INDEX(Roster!$G:$G,MATCH($C4,Roster!$B:$B,0))&""),"—")) | J4: =IF($C4="","",IFERROR(IF(INDEX(Roster!$I:$I,MATCH($C4,Roster!$B:$B,0))="","",INDEX(Roster!$I:$I,MATCH($C4,Roster!$B:$B,0))&""),"—")) | K4: =IF($C4="","",IFERROR(IF(INDEX(Roster!$J:$J,MATCH($C4,Roster!$B:$B,0))="","",INDEX(Roster!$J:$J,MATCH($C4,Roster!$B:$B,0))&""),"—")) | L4: =IF($C4="","",IFERROR(IF(INDEX(Roster!$K:$K,MATCH($C4,Roster!$B:$B,0))="","",INDEX(Roster!$K:$K,MATCH($C4,Roster!$B:$B,0))&""),"—")) | O4: =IF($C4="","",IF($P4="","—",IF($P4="Valid (Pass)","Valid","Invalid"))) | T4: =IF($C4="","",IF(OR(ISNUMBER(SEARCH("quick case",$P4)),ISNUMBER(SEARCH("quick case",$Q4))),"Yes","No")) | U4: =IF($O4="Invalid",HYPERLINK("mailto:"&$G4&";"&$I4&"?cc="&Lists!$E$2&"&subject="&_xlfn.ENCODEURL("[INVALID] Quality audit monitoring completed for "&UPPER($C4))&"&body="&_xlfn.ENCODEURL("Hi "&$F4&","&CHAR(10)&"Good day!"&CHAR(10)&CHAR(10)&"A quality monitoring audit has been completed for "&$C4&"."&CHAR(10)&CHAR(10)&"QUALITY AUDIT DETAILS"&CHAR(10)&"Agent Name: "&$C4&" (EID "&$D4&")"&CHAR(10)&"Audit Date: "&TEXT($B4,"yyyy-mm-dd")&CHAR(10)&"Team Leader: "&$F4&CHAR(10)&"Case Number: "&$M4&CHAR(10)&"Transaction ID: "&$N4&CHAR(10)&"Channel / LOB: "&$K4&" / "&$L4&CHAR(10)&"Evaluator: "&$S4&CHAR(10)&CHAR(10)&"INVALID QUALITY AUDIT DETAILS"&CHAR(10)&"Validation: Invalid"&CHAR(10)&"Invalid Reason: "&$P4&CHAR(10)&"Expected Resolution Code: "&$Q4&CHAR(10)&"Remarks: "&LEFT($R4,600)&CHAR(10)&CHAR(10)&"This is an automated notification from HP Mainstream EQMS."),"✉ Open Email Draft"),"")
A5: =IF($C5="","","AUD-2026-"&TEXT(ROW()-1,"000000")) | D5: =IF($C5="","",IFERROR(IF(INDEX(Roster!$A:$A,MATCH($C5,Roster!$B:$B,0))="","",INDEX(Roster!$A:$A,MATCH($C5,Roster!$B:$B,0))&""),"—")) | E5: =IF($C5="","",IFERROR(IF(INDEX(Roster!$C:$C,MATCH($C5,Roster!$B:$B,0))="","",INDEX(Roster!$C:$C,MATCH($C5,Roster!$B:$B,0))&""),"—")) | F5: =IF($C5="","",IFERROR(IF(INDEX(Roster!$D:$D,MATCH($C5,Roster!$B:$B,0))="","",INDEX(Roster!$D:$D,MATCH($C5,Roster!$B:$B,0))&""),"—")) | G5: =IF($C5="","",IFERROR(IF(INDEX(Roster!$E:$E,MATCH($C5,Roster!$B:$B,0))="","",INDEX(Roster!$E:$E,MATCH($C5,Roster!$B:$B,0))&""),"—")) | H5: =IF($C5="","",IFERROR(IF(INDEX(Roster!$F:$F,MATCH($C5,Roster!$B:$B,0))="","",INDEX(Roster!$F:$F,MATCH($C5,Roster!$B:$B,0))&""),"—")) | I5: =IF($C5="","",IFERROR(IF(INDEX(Roster!$G:$G,MATCH($C5,Roster!$B:$B,0))="","",INDEX(Roster!$G:$G,MATCH($C5,Roster!$B:$B,0))&""),"—")) | J5: =IF($C5="","",IFERROR(IF(INDEX(Roster!$I:$I,MATCH($C5,Roster!$B:$B,0))="","",INDEX(Roster!$I:$I,MATCH($C5,Roster!$B:$B,0))&""),"—")) | K5: =IF($C5="","",IFERROR(IF(INDEX(Roster!$J:$J,MATCH($C5,Roster!$B:$B,0))="","",INDEX(Roster!$J:$J,MATCH($C5,Roster!$B:$B,0))&""),"—")) | L5: =IF($C5="","",IFERROR(IF(INDEX(Roster!$K:$K,MATCH($C5,Roster!$B:$B,0))="","",INDEX(Roster!$K:$K,MATCH($C5,Roster!$B:$B,0))&""),"—")) | O5: =IF($C5="","",IF($P5="","—",IF($P5="Valid (Pass)","Valid","Invalid"))) | T5: =IF($C5="","",IF(OR(ISNUMBER(SEARCH("quick case",$P5)),ISNUMBER(SEARCH("quick case",$Q5))),"Yes","No")) | U5: =IF($O5="Invalid",HYPERLINK("mailto:"&$G5&";"&$I5&"?cc="&Lists!$E$2&"&subject="&_xlfn.ENCODEURL("[INVALID] Quality audit monitoring completed for "&UPPER($C5))&"&body="&_xlfn.ENCODEURL("Hi "&$F5&","&CHAR(10)&"Good day!"&CHAR(10)&CHAR(10)&"A quality monitoring audit has been completed for "&$C5&"."&CHAR(10)&CHAR(10)&"QUALITY AUDIT DETAILS"&CHAR(10)&"Agent Name: "&$C5&" (EID "&$D5&")"&CHAR(10)&"Audit Date: "&TEXT($B5,"yyyy-mm-dd")&CHAR(10)&"Team Leader: "&$F5&CHAR(10)&"Case Number: "&$M5&CHAR(10)&"Transaction ID: "&$N5&CHAR(10)&"Channel / LOB: "&$K5&" / "&$L5&CHAR(10)&"Evaluator: "&$S5&CHAR(10)&CHAR(10)&"INVALID QUALITY AUDIT DETAILS"&CHAR(10)&"Validation: Invalid"&CHAR(10)&"Invalid Reason: "&$P5&CHAR(10)&"Expected Resolution Code: "&$Q5&CHAR(10)&"Remarks: "&LEFT($R5,600)&CHAR(10)&CHAR(10)&"This is an automated notification from HP Mainstream EQMS."),"✉ Open Email Draft"),"")
A6: =IF($C6="","","AUD-2026-"&TEXT(ROW()-1,"000000")) | D6: =IF($C6="","",IFERROR(IF(INDEX(Roster!$A:$A,MATCH($C6,Roster!$B:$B,0))="","",INDEX(Roster!$A:$A,MATCH($C6,Roster!$B:$B,0))&""),"—")) | E6: =IF($C6="","",IFERROR(IF(INDEX(Roster!$C:$C,MATCH($C6,Roster!$B:$B,0))="","",INDEX(Roster!$C:$C,MATCH($C6,Roster!$B:$B,0))&""),"—")) | F6: =IF($C6="","",IFERROR(IF(INDEX(Roster!$D:$D,MATCH($C6,Roster!$B:$B,0))="","",INDEX(Roster!$D:$D,MATCH($C6,Roster!$B:$B,0))&""),"—")) | G6: =IF($C6="","",IFERROR(IF(INDEX(Roster!$E:$E,MATCH($C6,Roster!$B:$B,0))="","",INDEX(Roster!$E:$E,MATCH($C6,Roster!$B:$B,0))&""),"—")) | H6: =IF($C6="","",IFERROR(IF(INDEX(Roster!$F:$F,MATCH($C6,Roster!$B:$B,0))="","",INDEX(Roster!$F:$F,MATCH($C6,Roster!$B:$B,0))&""),"—")) | I6: =IF($C6="","",IFERROR(IF(INDEX(Roster!$G:$G,MATCH($C6,Roster!$B:$B,0))="","",INDEX(Roster!$G:$G,MATCH($C6,Roster!$B:$B,0))&""),"—")) | J6: =IF($C6="","",IFERROR(IF(INDEX(Roster!$I:$I,MATCH($C6,Roster!$B:$B,0))="","",INDEX(Roster!$I:$I,MATCH($C6,Roster!$B:$B,0))&""),"—")) | K6: =IF($C6="","",IFERROR(IF(INDEX(Roster!$J:$J,MATCH($C6,Roster!$B:$B,0))="","",INDEX(Roster!$J:$J,MATCH($C6,Roster!$B:$B,0))&""),"—")) | L6: =IF($C6="","",IFERROR(IF(INDEX(Roster!$K:$K,MATCH($C6,Roster!$B:$B,0))="","",INDEX(Roster!$K:$K,MATCH($C6,Roster!$B:$B,0))&""),"—")) | O6: =IF($C6="","",IF($P6="","—",IF($P6="Valid (Pass)","Valid","Invalid"))) | T6: =IF($C6="","",IF(OR(ISNUMBER(SEARCH("quick case",$P6)),ISNUMBER(SEARCH("quick case",$Q6))),"Yes","No")) | U6: =IF($O6="Invalid",HYPERLINK("mailto:"&$G6&";"&$I6&"?cc="&Lists!$E$2&"&subject="&_xlfn.ENCODEURL("[INVALID] Quality audit monitoring completed for "&UPPER($C6))&"&body="&_xlfn.ENCODEURL("Hi "&$F6&","&CHAR(10)&"Good day!"&CHAR(10)&CHAR(10)&"A quality monitoring audit has been completed for "&$C6&"."&CHAR(10)&CHAR(10)&"QUALITY AUDIT DETAILS"&CHAR(10)&"Agent Name: "&$C6&" (EID "&$D6&")"&CHAR(10)&"Audit Date: "&TEXT($B6,"yyyy-mm-dd")&CHAR(10)&"Team Leader: "&$F6&CHAR(10)&"Case Number: "&$M6&CHAR(10)&"Transaction ID: "&$N6&CHAR(10)&"Channel / LOB: "&$K6&" / "&$L6&CHAR(10)&"Evaluator: "&$S6&CHAR(10)&CHAR(10)&"INVALID QUALITY AUDIT DETAILS"&CHAR(10)&"Validation: Invalid"&CHAR(10)&"Invalid Reason: "&$P6&CHAR(10)&"Expected Resolution Code: "&$Q6&CHAR(10)&"Remarks: "&LEFT($R6,600)&CHAR(10)&CHAR(10)&"This is an automated notification from HP Mainstream EQMS."),"✉ Open Email Draft"),"")
A7: =IF($C7="","","AUD-2026-"&TEXT(ROW()-1,"000000")) | D7: =IF($C7="","",IFERROR(IF(INDEX(Roster!$A:$A,MATCH($C7,Roster!$B:$B,0))="","",INDEX(Roster!$A:$A,MATCH($C7,Roster!$B:$B,0))&""),"—")) | E7: =IF($C7="","",IFERROR(IF(INDEX(Roster!$C:$C,MATCH($C7,Roster!$B:$B,0))="","",INDEX(Roster!$C:$C,MATCH($C7,Roster!$B:$B,0))&""),"—")) | F7: =IF($C7="","",IFERROR(IF(INDEX(Roster!$D:$D,MATCH($C7,Roster!$B:$B,0))="","",INDEX(Roster!$D:$D,MATCH($C7,Roster!$B:$B,0))&""),"—")) | G7: =IF($C7="","",IFERROR(IF(INDEX(Roster!$E:$E,MATCH($C7,Roster!$B:$B,0))="","",INDEX(Roster!$E:$E,MATCH($C7,Roster!$B:$B,0))&""),"—")) | H7: =IF($C7="","",IFERROR(IF(INDEX(Roster!$F:$F,MATCH($C7,Roster!$B:$B,0))="","",INDEX(Roster!$F:$F,MATCH($C7,Roster!$B:$B,0))&""),"—")) | I7: =IF($C7="","",IFERROR(IF(INDEX(Roster!$G:$G,MATCH($C7,Roster!$B:$B,0))="","",INDEX(Roster!$G:$G,MATCH($C7,Roster!$B:$B,0))&""),"—")) | J7: =IF($C7="","",IFERROR(IF(INDEX(Roster!$I:$I,MATCH($C7,Roster!$B:$B,0))="","",INDEX(Roster!$I:$I,MATCH($C7,Roster!$B:$B,0))&""),"—")) | K7: =IF($C7="","",IFERROR(IF(INDEX(Roster!$J:$J,MATCH($C7,Roster!$B:$B,0))="","",INDEX(Roster!$J:$J,MATCH($C7,Roster!$B:$B,0))&""),"—")) | L7: =IF($C7="","",IFERROR(IF(INDEX(Roster!$K:$K,MATCH($C7,Roster!$B:$B,0))="","",INDEX(Roster!$K:$K,MATCH($C7,Roster!$B:$B,0))&""),"—")) | O7: =IF($C7="","",IF($P7="","—",IF($P7="Valid (Pass)","Valid","Invalid"))) | T7: =IF($C7="","",IF(OR(ISNUMBER(SEARCH("quick case",$P7)),ISNUMBER(SEARCH("quick case",$Q7))),"Yes","No")) | U7: =IF($O7="Invalid",HYPERLINK("mailto:"&$G7&";"&$I7&"?cc="&Lists!$E$2&"&subject="&_xlfn.ENCODEURL("[INVALID] Quality audit monitoring completed for "&UPPER($C7))&"&body="&_xlfn.ENCODEURL("Hi "&$F7&","&CHAR(10)&"Good day!"&CHAR(10)&CHAR(10)&"A quality monitoring audit has been completed for "&$C7&"."&CHAR(10)&CHAR(10)&"QUALITY AUDIT DETAILS"&CHAR(10)&"Agent Name: "&$C7&" (EID "&$D7&")"&CHAR(10)&"Audit Date: "&TEXT($B7,"yyyy-mm-dd")&CHAR(10)&"Team Leader: "&$F7&CHAR(10)&"Case Number: "&$M7&CHAR(10)&"Transaction ID: "&$N7&CHAR(10)&"Channel / LOB: "&$K7&" / "&$L7&CHAR(10)&"Evaluator: "&$S7&CHAR(10)&CHAR(10)&"INVALID QUALITY AUDIT DETAILS"&CHAR(10)&"Validation: Invalid"&CHAR(10)&"Invalid Reason: "&$P7&CHAR(10)&"Expected Resolution Code: "&$Q7&CHAR(10)&"Remarks: "&LEFT($R7,600)&CHAR(10)&CHAR(10)&"This is an automated notification from HP Mainstream EQMS."),"✉ Open Email Draft"),"")
A8: =IF($C8="","","AUD-2026-"&TEXT(ROW()-1,"000000")) | D8: =IF($C8="","",IFERROR(IF(INDEX(Roster!$A:$A,MATCH($C8,Roster!$B:$B,0))="","",INDEX(Roster!$A:$A,MATCH($C8,Roster!$B:$B,0))&""),"—")) | E8: =IF($C8="","",IFERROR(IF(INDEX(Roster!$C:$C,MATCH($C8,Roster!$B:$B,0))="","",INDEX(Roster!$C:$C,MATCH($C8,Roster!$B:$B,0))&""),"—")) | F8: =IF($C8="","",IFERROR(IF(INDEX(Roster!$D:$D,MATCH($C8,Roster!$B:$B,0))="","",INDEX(Roster!$D:$D,MATCH($C8,Roster!$B:$B,0))&""),"—")) | G8: =IF($C8="","",IFERROR(IF(INDEX(Roster!$E:$E,MATCH($C8,Roster!$B:$B,0))="","",INDEX(Roster!$E:$E,MATCH($C8,Roster!$B:$B,0))&""),"—")) | H8: =IF($C8="","",IFERROR(IF(INDEX(Roster!$F:$F,MATCH($C8,Roster!$B:$B,0))="","",INDEX(Roster!$F:$F,MATCH($C8,Roster!$B:$B,0))&""),"—")) | I8: =IF($C8="","",IFERROR(IF(INDEX(Roster!$G:$G,MATCH($C8,Roster!$B:$B,0))="","",INDEX(Roster!$G:$G,MATCH($C8,Roster!$B:$B,0))&""),"—")) | J8: =IF($C8="","",IFERROR(IF(INDEX(Roster!$I:$I,MATCH($C8,Roster!$B:$B,0))="","",INDEX(Roster!$I:$I,MATCH($C8,Roster!$B:$B,0))&""),"—")) | K8: =IF($C8="","",IFERROR(IF(INDEX(Roster!$J:$J,MATCH($C8,Roster!$B:$B,0))="","",INDEX(Roster!$J:$J,MATCH($C8,Roster!$B:$B,0))&""),"—")) | L8: =IF($C8="","",IFERROR(IF(INDEX(Roster!$K:$K,MATCH($C8,Roster!$B:$B,0))="","",INDEX(Roster!$K:$K,MATCH($C8,Roster!$B:$B,0))&""),"—")) | O8: =IF($C8="","",IF($P8="","—",IF($P8="Valid (Pass)","Valid","Invalid"))) | T8: =IF($C8="","",IF(OR(ISNUMBER(SEARCH("quick case",$P8)),ISNUMBER(SEARCH("quick case",$Q8))),"Yes","No")) | U8: =IF($O8="Invalid",HYPERLINK("mailto:"&$G8&";"&$I8&"?cc="&Lists!$E$2&"&subject="&_xlfn.ENCODEURL("[INVALID] Quality audit monitoring completed for "&UPPER($C8))&"&body="&_xlfn.ENCODEURL("Hi "&$F8&","&CHAR(10)&"Good day!"&CHAR(10)&CHAR(10)&"A quality monitoring audit has been completed for "&$C8&"."&CHAR(10)&CHAR(10)&"QUALITY AUDIT DETAILS"&CHAR(10)&"Agent Name: "&$C8&" (EID "&$D8&")"&CHAR(10)&"Audit Date: "&TEXT($B8,"yyyy-mm-dd")&CHAR(10)&"Team Leader: "&$F8&CHAR(10)&"Case Number: "&$M8&CHAR(10)&"Transaction ID: "&$N8&CHAR(10)&"Channel / LOB: "&$K8&" / "&$L8&CHAR(10)&"Evaluator: "&$S8&CHAR(10)&CHAR(10)&"INVALID QUALITY AUDIT DETAILS"&CHAR(10)&"Validation: Invalid"&CHAR(10)&"Invalid Reason: "&$P8&CHAR(10)&"Expected Resolution Code: "&$Q8&CHAR(10)&"Remarks: "&LEFT($R8,600)&CHAR(10)&CHAR(10)&"This is an automated notification from HP Mainstream EQMS."),"✉ Open Email Draft"),"")
A9: =IF($C9="","","AUD-2026-"&TEXT(ROW()-1,"000000")) | D9: =IF($C9="","",IFERROR(IF(INDEX(Roster!$A:$A,MATCH($C9,Roster!$B:$B,0))="","",INDEX(Roster!$A:$A,MATCH($C9,Roster!$B:$B,0))&""),"—")) | E9: =IF($C9="","",IFERROR(IF(INDEX(Roster!$C:$C,MATCH($C9,Roster!$B:$B,0))="","",INDEX(Roster!$C:$C,MATCH($C9,Roster!$B:$B,0))&""),"—")) | F9: =IF($C9="","",IFERROR(IF(INDEX(Roster!$D:$D,MATCH($C9,Roster!$B:$B,0))="","",INDEX(Roster!$D:$D,MATCH($C9,Roster!$B:$B,0))&""),"—")) | G9: =IF($C9="","",IFERROR(IF(INDEX(Roster!$E:$E,MATCH($C9,Roster!$B:$B,0))="","",INDEX(Roster!$E:$E,MATCH($C9,Roster!$B:$B,0))&""),"—")) | H9: =IF($C9="","",IFERROR(IF(INDEX(Roster!$F:$F,MATCH($C9,Roster!$B:$B,0))="","",INDEX(Roster!$F:$F,MATCH($C9,Roster!$B:$B,0))&""),"—")) | I9: =IF($C9="","",IFERROR(IF(INDEX(Roster!$G:$G,MATCH($C9,Roster!$B:$B,0))="","",INDEX(Roster!$G:$G,MATCH($C9,Roster!$B:$B,0))&""),"—")) | J9: =IF($C9="","",IFERROR(IF(INDEX(Roster!$I:$I,MATCH($C9,Roster!$B:$B,0))="","",INDEX(Roster!$I:$I,MATCH($C9,Roster!$B:$B,0))&""),"—")) | K9: =IF($C9="","",IFERROR(IF(INDEX(Roster!$J:$J,MATCH($C9,Roster!$B:$B,0))="","",INDEX(Roster!$J:$J,MATCH($C9,Roster!$B:$B,0))&""),"—")) | L9: =IF($C9="","",IFERROR(IF(INDEX(Roster!$K:$K,MATCH($C9,Roster!$B:$B,0))="","",INDEX(Roster!$K:$K,MATCH($C9,Roster!$B:$B,0))&""),"—")) | O9: =IF($C9="","",IF($P9="","—",IF($P9="Valid (Pass)","Valid","Invalid"))) | T9: =IF($C9="","",IF(OR(ISNUMBER(SEARCH("quick case",$P9)),ISNUMBER(SEARCH("quick case",$Q9))),"Yes","No")) | U9: =IF($O9="Invalid",HYPERLINK("mailto:"&$G9&";"&$I9&"?cc="&Lists!$E$2&"&subject="&_xlfn.ENCODEURL("[INVALID] Quality audit monitoring completed for "&UPPER($C9))&"&body="&_xlfn.ENCODEURL("Hi "&$F9&","&CHAR(10)&"Good day!"&CHAR(10)&CHAR(10)&"A quality monitoring audit has been completed for "&$C9&"."&CHAR(10)&CHAR(10)&"QUALITY AUDIT DETAILS"&CHAR(10)&"Agent Name: "&$C9&" (EID "&$D9&")"&CHAR(10)&"Audit Date: "&TEXT($B9,"yyyy-mm-dd")&CHAR(10)&"Team Leader: "&$F9&CHAR(10)&"Case Number: "&$M9&CHAR(10)&"Transaction ID: "&$N9&CHAR(10)&"Channel / LOB: "&$K9&" / "&$L9&CHAR(10)&"Evaluator: "&$S9&CHAR(10)&CHAR(10)&"INVALID QUALITY AUDIT DETAILS"&CHAR(10)&"Validation: Invalid"&CHAR(10)&"Invalid Reason: "&$P9&CHAR(10)&"Expected Resolution Code: "&$Q9&CHAR(10)&"Remarks: "&LEFT($R9,600)&CHAR(10)&CHAR(10)&"This is an automated notification from HP Mainstream EQMS."),"✉ Open Email Draft"),"")
A10: =IF($C10="","","AUD-2026-"&TEXT(ROW()-1,"000000")) | D10: =IF($C10="","",IFERROR(IF(INDEX(Roster!$A:$A,MATCH($C10,Roster!$B:$B,0))="","",INDEX(Roster!$A:$A,MATCH($C10,Roster!$B:$B,0))&""),"—")) | E10: =IF($C10="","",IFERROR(IF(INDEX(Roster!$C:$C,MATCH($C10,Roster!$B:$B,0))="","",INDEX(Roster!$C:$C,MATCH($C10,Roster!$B:$B,0))&""),"—")) | F10: =IF($C10="","",IFERROR(IF(INDEX(Roster!$D:$D,MATCH($C10,Roster!$B:$B,0))="","",INDEX(Roster!$D:$D,MATCH($C10,Roster!$B:$B,0))&""),"—")) | G10: =IF($C10="","",IFERROR(IF(INDEX(Roster!$E:$E,MATCH($C10,Roster!$B:$B,0))="","",INDEX(Roster!$E:$E,MATCH($C10,Roster!$B:$B,0))&""),"—")) | H10: =IF($C10="","",IFERROR(IF(INDEX(Roster!$F:$F,MATCH($C10,Roster!$B:$B,0))="","",INDEX(Roster!$F:$F,MATCH($C10,Roster!$B:$B,0))&""),"—")) | I10: =IF($C10="","",IFERROR(IF(INDEX(Roster!$G:$G,MATCH($C10,Roster!$B:$B,0))="","",INDEX(Roster!$G:$G,MATCH($C10,Roster!$B:$B,0))&""),"—")) | J10: =IF($C10="","",IFERROR(IF(INDEX(Roster!$I:$I,MATCH($C10,Roster!$B:$B,0))="","",INDEX(Roster!$I:$I,MATCH($C10,Roster!$B:$B,0))&""),"—")) | K10: =IF($C10="","",IFERROR(IF(INDEX(Roster!$J:$J,MATCH($C10,Roster!$B:$B,0))="","",INDEX(Roster!$J:$J,MATCH($C10,Roster!$B:$B,0))&""),"—")) | L10: =IF($C10="","",IFERROR(IF(INDEX(Roster!$K:$K,MATCH($C10,Roster!$B:$B,0))="","",INDEX(Roster!$K:$K,MATCH($C10,Roster!$B:$B,0))&""),"—")) | O10: =IF($C10="","",IF($P10="","—",IF($P10="Valid (Pass)","Valid","Invalid"))) | T10: =IF($C10="","",IF(OR(ISNUMBER(SEARCH("quick case",$P10)),ISNUMBER(SEARCH("quick case",$Q10))),"Yes","No")) | U10: =IF($O10="Invalid",HYPERLINK("mailto:"&$G10&";"&$I10&"?cc="&Lists!$E$2&"&subject="&_xlfn.ENCODEURL("[INVALID] Quality audit monitoring completed for "&UPPER($C10))&"&body="&_xlfn.ENCODEURL("Hi "&$F10&","&CHAR(10)&"Good day!"&CHAR(10)&CHAR(10)&"A quality monitoring audit has been completed for "&$C10&"."&CHAR(10)&CHAR(10)&"QUALITY AUDIT DETAILS"&CHAR(10)&"Agent Name: "&$C10&" (EID "&$D10&")"&CHAR(10)&"Audit Date: "&TEXT($B10,"yyyy-mm-dd")&CHAR(10)&"Team Leader: "&$F10&CHAR(10)&"Case Number: "&$M10&CHAR(10)&"Transaction ID: "&$N10&CHAR(10)&"Channel / LOB: "&$K10&" / "&$L10&CHAR(10)&"Evaluator: "&$S10&CHAR(10)&CHAR(10)&"INVALID QUALITY AUDIT DETAILS"&CHAR(10)&"Validation: Invalid"&CHAR(10)&"Invalid Reason: "&$P10&CHAR(10)&"Expected Resolution Code: "&$Q10&CHAR(10)&"Remarks: "&LEFT($R10,600)&CHAR(10)&CHAR(10)&"This is an automated notification from HP Mainstream EQMS."),"✉ Open Email Draft"),"")
A11: =IF($C11="","","AUD-2026-"&TEXT(ROW()-1,"000000")) | D11: =IF($C11="","",IFERROR(IF(INDEX(Roster!$A:$A,MATCH($C11,Roster!$B:$B,0))="","",INDEX(Roster!$A:$A,MATCH($C11,Roster!$B:$B,0))&""),"—")) | E11: =IF($C11="","",IFERROR(IF(INDEX(Roster!$C:$C,MATCH($C11,Roster!$B:$B,0))="","",INDEX(Roster!$C:$C,MATCH($C11,Roster!$B:$B,0))&""),"—")) | F11: =IF($C11="","",IFERROR(IF(INDEX(Roster!$D:$D,MATCH($C11,Roster!$B:$B,0))="","",INDEX(Roster!$D:$D,MATCH($C11,Roster!$B:$B,0))&""),"—")) | G11: =IF($C11="","",IFERROR(IF(INDEX(Roster!$E:$E,MATCH($C11,Roster!$B:$B,0))="","",INDEX(Roster!$E:$E,MATCH($C11,Roster!$B:$B,0))&""),"—")) | H11: =IF($C11="","",IFERROR(IF(INDEX(Roster!$F:$F,MATCH($C11,Roster!$B:$B,0))="","",INDEX(Roster!$F:$F,MATCH($C11,Roster!$B:$B,0))&""),"—")) | I11: =IF($C11="","",IFERROR(IF(INDEX(Roster!$G:$G,MATCH($C11,Roster!$B:$B,0))="","",INDEX(Roster!$G:$G,MATCH($C11,Roster!$B:$B,0))&""),"—")) | J11: =IF($C11="","",IFERROR(IF(INDEX(Roster!$I:$I,MATCH($C11,Roster!$B:$B,0))="","",INDEX(Roster!$I:$I,MATCH($C11,Roster!$B:$B,0))&""),"—")) | K11: =IF($C11="","",IFERROR(IF(INDEX(Roster!$J:$J,MATCH($C11,Roster!$B:$B,0))="","",INDEX(Roster!$J:$J,MATCH($C11,Roster!$B:$B,0))&""),"—")) | L11: =IF($C11="","",IFERROR(IF(INDEX(Roster!$K:$K,MATCH($C11,Roster!$B:$B,0))="","",INDEX(Roster!$K:$K,MATCH($C11,Roster!$B:$B,0))&""),"—")) | O11: =IF($C11="","",IF($P11="","—",IF($P11="Valid (Pass)","Valid","Invalid"))) | T11: =IF($C11="","",IF(OR(ISNUMBER(SEARCH("quick case",$P11)),ISNUMBER(SEARCH("quick case",$Q11))),"Yes","No")) | U11: =IF($O11="Invalid",HYPERLINK("mailto:"&$G11&";"&$I11&"?cc="&Lists!$E$2&"&subject="&_xlfn.ENCODEURL("[INVALID] Quality audit monitoring completed for "&UPPER($C11))&"&body="&_xlfn.ENCODEURL("Hi "&$F11&","&CHAR(10)&"Good day!"&CHAR(10)&CHAR(10)&"A quality monitoring audit has been completed for "&$C11&"."&CHAR(10)&CHAR(10)&"QUALITY AUDIT DETAILS"&CHAR(10)&"Agent Name: "&$C11&" (EID "&$D11&")"&CHAR(10)&"Audit Date: "&TEXT($B11,"yyyy-mm-dd")&CHAR(10)&"Team Leader: "&$F11&CHAR(10)&"Case Number: "&$M11&CHAR(10)&"Transaction ID: "&$N11&CHAR(10)&"Channel / LOB: "&$K11&" / "&$L11&CHAR(10)&"Evaluator: "&$S11&CHAR(10)&CHAR(10)&"INVALID QUALITY AUDIT DETAILS"&CHAR(10)&"Validation: Invalid"&CHAR(10)&"Invalid Reason: "&$P11&CHAR(10)&"Expected Resolution Code: "&$Q11&CHAR(10)&"Remarks: "&LEFT($R11,600)&CHAR(10)&CHAR(10)&"This is an automated notification from HP Mainstream EQMS."),"✉ Open Email Draft"),"")
A12: =IF($C12="","","AUD-2026-"&TEXT(ROW()-1,"000000")) | D12: =IF($C12="","",IFERROR(IF(INDEX(Roster!$A:$A,MATCH($C12,Roster!$B:$B,0))="","",INDEX(Roster!$A:$A,MATCH($C12,Roster!$B:$B,0))&""),"—")) | E12: =IF($C12="","",IFERROR(IF(INDEX(Roster!$C:$C,MATCH($C12,Roster!$B:$B,0))="","",INDEX(Roster!$C:$C,MATCH($C12,Roster!$B:$B,0))&""),"—")) | F12: =IF($C12="","",IFERROR(IF(INDEX(Roster!$D:$D,MATCH($C12,Roster!$B:$B,0))="","",INDEX(Roster!$D:$D,MATCH($C12,Roster!$B:$B,0))&""),"—")) | G12: =IF($C12="","",IFERROR(IF(INDEX(Roster!$E:$E,MATCH($C12,Roster!$B:$B,0))="","",INDEX(Roster!$E:$E,MATCH($C12,Roster!$B:$B,0))&""),"—")) | H12: =IF($C12="","",IFERROR(IF(INDEX(Roster!$F:$F,MATCH($C12,Roster!$B:$B,0))="","",INDEX(Roster!$F:$F,MATCH($C12,Roster!$B:$B,0))&""),"—")) | I12: =IF($C12="","",IFERROR(IF(INDEX(Roster!$G:$G,MATCH($C12,Roster!$B:$B,0))="","",INDEX(Roster!$G:$G,MATCH($C12,Roster!$B:$B,0))&""),"—")) | J12: =IF($C12="","",IFERROR(IF(INDEX(Roster!$I:$I,MATCH($C12,Roster!$B:$B,0))="","",INDEX(Roster!$I:$I,MATCH($C12,Roster!$B:$B,0))&""),"—")) | K12: =IF($C12="","",IFERROR(IF(INDEX(Roster!$J:$J,MATCH($C12,Roster!$B:$B,0))="","",INDEX(Roster!$J:$J,MATCH($C12,Roster!$B:$B,0))&""),"—")) | L12: =IF($C12="","",IFERROR(IF(INDEX(Roster!$K:$K,MATCH($C12,Roster!$B:$B,0))="","",INDEX(Roster!$K:$K,MATCH($C12,Roster!$B:$B,0))&""),"—")) | O12: =IF($C12="","",IF($P12="","—",IF($P12="Valid (Pass)","Valid","Invalid"))) | T12: =IF($C12="","",IF(OR(ISNUMBER(SEARCH("quick case",$P12)),ISNUMBER(SEARCH("quick case",$Q12))),"Yes","No")) | U12: =IF($O12="Invalid",HYPERLINK("mailto:"&$G12&";"&$I12&"?cc="&Lists!$E$2&"&subject="&_xlfn.ENCODEURL("[INVALID] Quality audit monitoring completed for "&UPPER($C12))&"&body="&_xlfn.ENCODEURL("Hi "&$F12&","&CHAR(10)&"Good day!"&CHAR(10)&CHAR(10)&"A quality monitoring audit has been completed for "&$C12&"."&CHAR(10)&CHAR(10)&"QUALITY AUDIT DETAILS"&CHAR(10)&"Agent Name: "&$C12&" (EID "&$D12&")"&CHAR(10)&"Audit Date: "&TEXT($B12,"yyyy-mm-dd")&CHAR(10)&"Team Leader: "&$F12&CHAR(10)&"Case Number: "&$M12&CHAR(10)&"Transaction ID: "&$N12&CHAR(10)&"Channel / LOB: "&$K12&" / "&$L12&CHAR(10)&"Evaluator: "&$S12&CHAR(10)&CHAR(10)&"INVALID QUALITY AUDIT DETAILS"&CHAR(10)&"Validation: Invalid"&CHAR(10)&"Invalid Reason: "&$P12&CHAR(10)&"Expected Resolution Code: "&$Q12&CHAR(10)&"Remarks: "&LEFT($R12,600)&CHAR(10)&CHAR(10)&"This is an automated notification from HP Mainstream EQMS."),"✉ Open Email Draft"),"")
A13: =IF($C13="","","AUD-2026-"&TEXT(ROW()-1,"000000")) | D13: =IF($C13="","",IFERROR(IF(INDEX(Roster!$A:$A,MATCH($C13,Roster!$B:$B,0))="","",INDEX(Roster!$A:$A,MATCH($C13,Roster!$B:$B,0))&""),"—")) | E13: =IF($C13="","",IFERROR(IF(INDEX(Roster!$C:$C,MATCH($C13,Roster!$B:$B,0))="","",INDEX(Roster!$C:$C,MATCH($C13,Roster!$B:$B,0))&""),"—")) | F13: =IF($C13="","",IFERROR(IF(INDEX(Roster!$D:$D,MATCH($C13,Roster!$B:$B,0))="","",INDEX(Roster!$D:$D,MATCH($C13,Roster!$B:$B,0))&""),"—")) | G13: =IF($C13="","",IFERROR(IF(INDEX(Roster!$E:$E,MATCH($C13,Roster!$B:$B,0))="","",INDEX(Roster!$E:$E,MATCH($C13,Roster!$B:$B,0))&""),"—")) | H13: =IF($C13="","",IFERROR(IF(INDEX(Roster!$F:$F,MATCH($C13,Roster!$B:$B,0))="","",INDEX(Roster!$F:$F,MATCH($C13,Roster!$B:$B,0))&""),"—")) | I13: =IF($C13="","",IFERROR(IF(INDEX(Roster!$G:$G,MATCH($C13,Roster!$B:$B,0))="","",INDEX(Roster!$G:$G,MATCH($C13,Roster!$B:$B,0))&""),"—")) | J13: =IF($C13="","",IFERROR(IF(INDEX(Roster!$I:$I,MATCH($C13,Roster!$B:$B,0))="","",INDEX(Roster!$I:$I,MATCH($C13,Roster!$B:$B,0))&""),"—")) | K13: =IF($C13="","",IFERROR(IF(INDEX(Roster!$J:$J,MATCH($C13,Roster!$B:$B,0))="","",INDEX(Roster!$J:$J,MATCH($C13,Roster!$B:$B,0))&""),"—")) | L13: =IF($C13="","",IFERROR(IF(INDEX(Roster!$K:$K,MATCH($C13,Roster!$B:$B,0))="","",INDEX(Roster!$K:$K,MATCH($C13,Roster!$B:$B,0))&""),"—")) | O13: =IF($C13="","",IF($P13="","—",IF($P13="Valid (Pass)","Valid","Invalid"))) | T13: =IF($C13="","",IF(OR(ISNUMBER(SEARCH("quick case",$P13)),ISNUMBER(SEARCH("quick case",$Q13))),"Yes","No")) | U13: =IF($O13="Invalid",HYPERLINK("mailto:"&$G13&";"&$I13&"?cc="&Lists!$E$2&"&subject="&_xlfn.ENCODEURL("[INVALID] Quality audit monitoring completed for "&UPPER($C13))&"&body="&_xlfn.ENCODEURL("Hi "&$F13&","&CHAR(10)&"Good day!"&CHAR(10)&CHAR(10)&"A quality monitoring audit has been completed for "&$C13&"."&CHAR(10)&CHAR(10)&"QUALITY AUDIT DETAILS"&CHAR(10)&"Agent Name: "&$C13&" (EID "&$D13&")"&CHAR(10)&"Audit Date: "&TEXT($B13,"yyyy-mm-dd")&CHAR(10)&"Team Leader: "&$F13&CHAR(10)&"Case Number: "&$M13&CHAR(10)&"Transaction ID: "&$N13&CHAR(10)&"Channel / LOB: "&$K13&" / "&$L13&CHAR(10)&"Evaluator: "&$S13&CHAR(10)&CHAR(10)&"INVALID QUALITY AUDIT DETAILS"&CHAR(10)&"Validation: Invalid"&CHAR(10)&"Invalid Reason: "&$P13&CHAR(10)&"Expected Resolution Code: "&$Q13&CHAR(10)&"Remarks: "&LEFT($R13,600)&CHAR(10)&CHAR(10)&"This is an automated notification from HP Mainstream EQMS."),"✉ Open Email Draft"),"")
... A2001: =IF($C2001="","","AUD-2026-"&TEXT(ROW()-1,"000000")) | D2001: =IF($C2001="","",IFERROR(IF(INDEX(Roster!$A:$A,MATCH($C2001,Roster!$B:$B,0))="","",INDEX(Roster!$A:$A,MATCH($C2001,Roster!$B:$B,0))&""),"—")) | E2001: =IF($C2001="","",IFERROR(IF(INDEX(Roster!$C:$C,MATCH($C2001,Roster!$B:$B,0))="","",INDEX(Roster!$C:$C,MATCH($C2001,Roster!$B:$B,0))&""),"—")) | F2001: =IF($C2001="","",IFERROR(IF(INDEX(Roster!$D:$D,MATCH($C2001,Roster!$B:$B,0))="","",INDEX(Roster!$D:$D,MATCH($C2001,Roster!$B:$B,0))&""),"—")) | G2001: =IF($C2001="","",IFERROR(IF(INDEX(Roster!$E:$E,MATCH($C2001,Roster!$B:$B,0))="","",INDEX(Roster!$E:$E,MATCH($C2001,Roster!$B:$B,0))&""),"—")) | H2001: =IF($C2001="","",IFERROR(IF(INDEX(Roster!$F:$F,MATCH($C2001,Roster!$B:$B,0))="","",INDEX(Roster!$F:$F,MATCH($C2001,Roster!$B:$B,0))&""),"—")) | I2001: =IF($C2001="","",IFERROR(IF(INDEX(Roster!$G:$G,MATCH($C2001,Roster!$B:$B,0))="","",INDEX(Roster!$G:$G,MATCH($C2001,Roster!$B:$B,0))&""),"—")) | J2001: =IF($C2001="","",IFERROR(IF(INDEX(Roster!$I:$I,MATCH($C2001,Roster!$B:$B,0))="","",INDEX(Roster!$I:$I,MATCH($C2001,Roster!$B:$B,0))&""),"—")) | K2001: =IF($C2001="","",IFERROR(IF(INDEX(Roster!$J:$J,MATCH($C2001,Roster!$B:$B,0))="","",INDEX(Roster!$J:$J,MATCH($C2001,Roster!$B:$B,0))&""),"—")) | L2001: =IF($C2001="","",IFERROR(IF(INDEX(Roster!$K:$K,MATCH($C2001,Roster!$B:$B,0))="","",INDEX(Roster!$K:$K,MATCH($C2001,Roster!$B:$B,0))&""),"—")) | O2001: =IF($C2001="","",IF($P2001="","—",IF($P2001="Valid (Pass)","Valid","Invalid"))) | T2001: =IF($C2001="","",IF(OR(ISNUMBER(SEARCH("quick case",$P2001)),ISNUMBER(SEARCH("quick case",$Q2001))),"Yes","No")) | U2001: =IF($O2001="Invalid",HYPERLINK("mailto:"&$G2001&";"&$I2001&"?cc="&Lists!$E$2&"&subject="&_xlfn.ENCODEURL("[INVALID] Quality audit monitoring completed for "&UPPER($C2001))&"&body="&_xlfn.ENCODEURL("Hi "&$F2001&","&CHAR(10)&"Good day!"&CHAR(10)&CHAR(10)&"A quality monitoring audit has been completed for "&$C2001&"."&CHAR(10)&CHAR(10)&"QUALITY AUDIT DETAILS"&CHAR(10)&"Agent Name: "&$C2001&" (EID "&$D2001&")"&CHAR(10)&"Audit Date: "&TEXT($B2001,"yyyy-mm-dd")&CHAR(10)&"Team Leader: "&$F2001&CHAR(10)&"Case Number: "&$M2001&CHAR(10)&"Transaction ID: "&$N2001&CHAR(10)&"Channel / LOB: "&$K2001&" / "&$L2001&CHAR(10)&"Evaluator: "&$S2001&CHAR(10)&CHAR(10)&"INVALID QUALITY AUDIT DETAILS"&CHAR(10)&"Validation: Invalid"&CHAR(10)&"Invalid Reason: "&$P2001&CHAR(10)&"Expected Resolution Code: "&$Q2001&CHAR(10)&"Remarks: "&LEFT($R2001,600)&CHAR(10)&CHAR(10)&"This is an automated notification from HP Mainstream EQMS."),"✉ Open Email Draft"),"")

Sheet Roster
A1: EmployeeNumber | B1: FullName | C1: Email | D1: ImmediateSupervisor | E1: ImmediateSupervisorEmail | F1: Manager | G1: ManagerEmail | H1: SOM | I1: SOMEmail | J1: CHANNEL | K1: Internal LOB
A2: 101543581 | B2: Abad, Roberto Jr Marquez | C2: roberto.abad1@concentrix.com | D2: Poon, Aris Sobrevilla | E2: aris.poon@concentrix.com | F2: Ramos, Ma Concepcion Sanchez | G2: maconcepcion.ramos@concentrix.com | H2: Ebuenga, Sheryll Avellaneda | I2: sheryll.ebuenga@concentrix.com | K2: HP Mainstream
A3: 103577169 | B3: Abadilla, Paul Justin Aleguiojo | C3: pauljustin.abadilla@concentrix.com | D3: Salafranca, Ryan Alejo | E3: ryan.salafranca@concentrix.com | F3: Arcena, Alberto Chua | G3: alberto.arcenajr@concentrix.com | H3: Ebuenga, Sheryll Avellaneda | I3: sheryll.ebuenga@concentrix.com | K3: HP Mainstream
A4: 103119848 | B4: Abella, Asianicole Cuambot | C4: asianicole.abella@concentrix.com | D4: Blas, Jesus Jr Trinidad | E4: jesus.blas@concentrix.com | F4: Arcena, Alberto Chua | G4: alberto.arcenajr@concentrix.com | H4: Ebuenga, Sheryll Avellaneda | I4: sheryll.ebuenga@concentrix.com | K4: HP Mainstream
A5: 102286678 | B5: Abella, Ma. Divina Centino | C5: madivina.abella@concentrix.com | D5: De Guzman, Gabriel Rodrigo | E5: gabriel.deguzman@concentrix.com | F5: Arcena, Alberto Chua | G5: alberto.arcenajr@concentrix.com | H5: Ebuenga, Sheryll Avellaneda | I5: sheryll.ebuenga@concentrix.com | K5: HP Mainstream
A6: 101778847 | B6: Abellar, Nina Grace Lincallo | C6: ninagrace.abellar@concentrix.com | D6: Adrales, Allen Rick Aguilar | E6: allenrick.adrales@concentrix.com | F6: Ramos, Ma Concepcion Sanchez | G6: maconcepcion.ramos@concentrix.com | H6: Ebuenga, Sheryll Avellaneda | I6: sheryll.ebuenga@concentrix.com | K6: HP Mainstream
A7: 101719087 | B7: Abogado, Maria Cristina Cambaliza | C7: mariacristina.cambaliza@concentrix.com | D7: Dela Fuente, Erick John Palomo | E7: erickjohn.delafuente@concentrix.com | F7: Dela Fuente, Erick John Palomo | G7: erickjohn.delafuente@concentrix.com | H7: Ebuenga, Sheryll Avellaneda | I7: sheryll.ebuenga@concentrix.com | K7: HP Mainstream
A8: 103388575 | B8: Aceron, Ma Jovel Salvador | C8: majovel.aceron@concentrix.com | D8: Hije, Bernadeth Rosales | E8: bernadeth.hije@concentrix.com | F8: Benedicto, Allen Kiel Lazarra | G8: allenkiel.benedicto@concentrix.com | H8: Ebuenga, Sheryll Avellaneda | I8: sheryll.ebuenga@concentrix.com | K8: HP Mainstream
A9: 103577170 | B9: Acuesta, Charles Gerry Stephen Logdat | C9: charlesgerrystephen.acuesta@concentrix.com | D9: Salafranca, Ryan Alejo | E9: ryan.salafranca@concentrix.com | F9: Arcena, Alberto Chua | G9: alberto.arcenajr@concentrix.com | H9: Ebuenga, Sheryll Avellaneda | I9: sheryll.ebuenga@concentrix.com | K9: HP Mainstream
A10: 101483586 | B10: Adrales, Allen Rick Aguilar | C10: allenrick.adrales@concentrix.com | D10: Ramos, Ma Concepcion Sanchez | E10: maconcepcion.ramos@concentrix.com | F10: Ramos, Ma Concepcion Sanchez | G10: maconcepcion.ramos@concentrix.com | H10: Ebuenga, Sheryll Avellaneda | I10: sheryll.ebuenga@concentrix.com | K10: HP Mainstream
A11: 102254768 | B11: Agcaoili, Angel Moraine Hinoo | C11: angelmoraine.agcaoili@concentrix.com | D11: Belandres, Nica Marie Ballola | E11: nicamarie.belandres@concentrix.com | F11: Benedicto, Allen Kiel Lazarra | G11: allenkiel.benedicto@concentrix.com | H11: Ebuenga, Sheryll Avellaneda | I11: sheryll.ebuenga@concentrix.com | K11: HP Mainstream
A12: 101170831 | B12: Aguas, Thea Tolentino | C12: thea.aguas@concentrix.com | D12: Panti, Alger Arellano | E12: alger.panti@concentrix.com | F12: Panti, Alger Arellano | G12: alger.panti@concentrix.com | H12: - | K12: HP Mainstream
A13: 103394144 | B13: Aguto, Luke Matthew Mariano | C13: lukematthew.aguto@concentrix.com | D13: Andrecoso, April Melody Sunga | E13: aprilmelody.andrecoso@concentrix.com | F13: Benedicto, Allen Kiel Lazarra | G13: allenkiel.benedicto@concentrix.com | H13: Ebuenga, Sheryll Avellaneda | I13: sheryll.ebuenga@concentrix.com | K13: HP Mainstream
A14: 101391267 | B14: Ajose, Ferd Mark Cristobal | C14: ferdmark.ajose@concentrix.com | D14: Andrecoso, April Melody Sunga | E14: aprilmelody.andrecoso@concentrix.com | F14: Benedicto, Allen Kiel Lazarra | G14: allenkiel.benedicto@concentrix.com | H14: Ebuenga, Sheryll Avellaneda | I14: sheryll.ebuenga@concentrix.com | K14: HP Mainstream
A15: 101541998 | B15: Albios, Art Christopher Salinas | C15: artchristopher.albios1@concentrix.com | D15: Aluning, Alain-Angelo Cangco | E15: alain-angelo.aluning@concentrix.com | F15: Arcena, Alberto Chua | G15: alberto.arcenajr@concentrix.com | H15: Ebuenga, Sheryll Avellaneda | I15: sheryll.ebuenga@concentrix.com | K15: HP Mainstream
A16: 103415795 | B16: Alcancia, Jaycel Giron | C16: jaycel.alcancia@concentrix.com | D16: Aluning, Alain-Angelo Cangco | E16: alain-angelo.aluning@concentrix.com | F16: Arcena, Alberto Chua | G16: alberto.arcenajr@concentrix.com | H16: Ebuenga, Sheryll Avellaneda | I16: sheryll.ebuenga@concentrix.com | K16: HP Mainstream
A17: 101637247 | B17: Aldea, Arthel Jane Donasco | C17: artheljane.aldea@concentrix.com | D17: Vedia, Jerson Reyes | E17: jerson.vedia@concentrix.com | F17: Ramos, Ma Concepcion Sanchez | G17: maconcepcion.ramos@concentrix.com | H17: Ebuenga, Sheryll Avellaneda | I17: sheryll.ebuenga@concentrix.com | K17: HP Mainstream
A18: 102126373 | B18: Alestre, Jolina Balde | C18: jolina.alestre@concentrix.com | D18: Quinto, Bernadeth Mendoza | E18: bernadeth.quinto@concentrix.com | F18: Benedicto, Allen Kiel Lazarra | G18: allenkiel.benedicto@concentrix.com | H18: Ebuenga, Sheryll Avellaneda | I18: sheryll.ebuenga@concentrix.com | K18: HP Mainstream
A19: 103518200 | B19: Alinday, Shiela Marie Altabano | C19: shielamarie.alinday@concentrix.com | D19: Aluning, Alain-Angelo Cangco | E19: alain-angelo.aluning@concentrix.com | F19: Arcena, Alberto Chua | G19: alberto.arcenajr@concentrix.com | H19: Ebuenga, Sheryll Avellaneda | I19: sheryll.ebuenga@concentrix.com | K19: HP Mainstream
A20: 101023718 | B20: Almiñe, Jaypee Maniquiz | C20: jaypee.almine@concentrix.com | D20: Racha, Grace Eunice Divinagracia | E20: graceeunice.racha@concentrix.com | F20: Ramos, Ma Concepcion Sanchez | G20: maconcepcion.ramos@concentrix.com | H20: Ebuenga, Sheryll Avellaneda | I20: sheryll.ebuenga@concentrix.com | K20: HP Mainstream
A21: 476138 | B21: Almodiel, Shaileen Eduarte | C21: shaileen.almodiel@concentrix.com | D21: Chan, Caroline Cruce | E21: caroline.chan@concentrix.com | F21: Chan, Caroline Cruce | G21: caroline.chan@concentrix.com | H21: - | K21: HP Mainstream
A22: 454921 | B22: Aluning, Alain-Angelo Cangco | C22: alain-angelo.aluning@concentrix.com | D22: Arcena, Alberto Chua | E22: alberto.arcenajr@concentrix.com | F22: Arcena, Alberto Chua | G22: alberto.arcenajr@concentrix.com | H22: Ebuenga, Sheryll Avellaneda | I22: sheryll.ebuenga@concentrix.com | K22: HP Mainstream
A23: 102867414 | B23: Alvarez, Wenerick Francisco | C23: wenerick.alvarez@concentrix.com | D23: Ferrer, Jasper Kenneth Labor | E23: jasperkenneth.ferrer@concentrix.com | F23: Nito, Reynaldo Tribol | G23: reynaldo.nito@concentrix.com | H23: Ebuenga, Sheryll Avellaneda | I23: sheryll.ebuenga@concentrix.com | K23: HP Mainstream
A24: 103188741 | B24: Amboyon, Julieta Mata | C24: julieta.amboyon@concentrix.com | D24: Vedia, Jerson Reyes | E24: jerson.vedia@concentrix.com | F24: Ramos, Ma Concepcion Sanchez | G24: maconcepcion.ramos@concentrix.com | H24: Ebuenga, Sheryll Avellaneda | I24: sheryll.ebuenga@concentrix.com | K24: HP Mainstream
A25: 102113167 | B25: Andrecoso, April Melody Sunga | C25: aprilmelody.andrecoso@concentrix.com | D25: Benedicto, Allen Kiel Lazarra | E25: allenkiel.benedicto@concentrix.com | F25: Benedicto, Allen Kiel Lazarra | G25: allenkiel.benedicto@concentrix.com | H25: Ebuenga, Sheryll Avellaneda | I25: sheryll.ebuenga@concentrix.com | K25: HP Mainstream
A26: 102044380 | B26: Anilado, Ellen Sunga | C26: ellen.anilado@concentrix.com | D26: Racha, Grace Eunice Divinagracia | E26: graceeunice.racha@concentrix.com | F26: Ramos, Ma Concepcion Sanchez | G26: maconcepcion.ramos@concentrix.com | H26: Ebuenga, Sheryll Avellaneda | I26: sheryll.ebuenga@concentrix.com | K26: HP Mainstream
A27: 103577938 | B27: Antonio, Jeric Camillan | C27: jeric.antonio1@concentrix.com | D27: Sheilick Anne Munoz | F27: Pineda, Gerald Christian Bo | G27: geraldchristian.pineda@concentrix.com | H27: Medel, Lorelei Gabriel | I27: lorelei.gabriel@concentrix.com | K27: HP Mainstream
A28: 103378689 | B28: Antonio, Marvin Molo | C28: marvin.antonio@concentrix.com | D28: Ugalino, Jonadel Pineda | E28: jonadel.ugalino@concentrix.com | F28: Benedicto, Allen Kiel Lazarra | G28: allenkiel.benedicto@concentrix.com | H28: Ebuenga, Sheryll Avellaneda | I28: sheryll.ebuenga@concentrix.com | K28: HP Mainstream
A29: 102160525 | B29: Antonio, Patricia Ann Valdez | C29: patriciaann.antonio@concentrix.com | D29: Ferrer, Jasper Kenneth Labor | E29: jasperkenneth.ferrer@concentrix.com | F29: Nito, Reynaldo Tribol | G29: reynaldo.nito@concentrix.com | H29: Ebuenga, Sheryll Avellaneda | I29: sheryll.ebuenga@concentrix.com | K29: HP Mainstream
A30: 103518201 | B30: Apostol, Shaira Nmn | C30: shaira.apostol@concentrix.com | D30: Racha, Grace Eunice Divinagracia | E30: graceeunice.racha@concentrix.com | F30: Ramos, Ma Concepcion Sanchez | G30: maconcepcion.ramos@concentrix.com | H30: Ebuenga, Sheryll Avellaneda | I30: sheryll.ebuenga@concentrix.com | K30: HP Mainstream
A31: 102047216 | B31: Apuang, Cecilia Basilga | C31: cecilia.apuang@concentrix.com | D31: Poon, Aris Sobrevilla | E31: aris.poon@concentrix.com | F31: Ramos, Ma Concepcion Sanchez | G31: maconcepcion.ramos@concentrix.com | H31: Ebuenga, Sheryll Avellaneda | I31: sheryll.ebuenga@concentrix.com | K31: HP Mainstream
A32: 101571853 | B32: Aquino, Ricky Nido | C32: ricky.aquino@concentrix.com | D32: Luñiza, Jona Claveria | E32: jona.luniza@concentrix.com | F32: Arcena, Alberto Chua | G32: alberto.arcenajr@concentrix.com | H32: Ebuenga, Sheryll Avellaneda | I32: sheryll.ebuenga@concentrix.com | K32: HP Mainstream
A33: 103189120 | B33: Aramburo Jr., Romeo Marzan | C33: romeo.aramburojr@concentrix.com | D33: Vedia, Jerson Reyes | E33: jerson.vedia@concentrix.com | F33: Ramos, Ma Concepcion Sanchez | G33: maconcepcion.ramos@concentrix.com | H33: Ebuenga, Sheryll Avellaneda | I33: sheryll.ebuenga@concentrix.com | K33: HP Mainstream
A34: 145670 | B34: Arcena, Alberto Chua | C34: alberto.arcenajr@concentrix.com | D34: Sevilla, Audrey Marie Galindo | E34: audrey.galindosevilla@concentrix.com | F34: - | H34: - | K34: HP Mainstream
A35: 101245258 | B35: Aringo, Ivy Mical Jugo | C35: ivymical.aringo@concentrix.com | D35: Cinco, Neville Dimagiba | E35: neville.cinco@concentrix.com | F35: Christian Bajo | H35: - | K35: HP Mainstream
A36: 103075166 | B36: Arnado, Ricardo Agapito Guison | C36: ricardoagapito.arnado@concentrix.com | D36: Blas, Jesus Jr Trinidad | E36: jesus.blas@concentrix.com | F36: Arcena, Alberto Chua | G36: alberto.arcenajr@concentrix.com | H36: Ebuenga, Sheryll Avellaneda | I36: sheryll.ebuenga@concentrix.com | K36: HP Mainstream
A37: 101495993 | B37: Arriola, Kathrine Kae Advincula | C37: kathrinekae.arriola@concentrix.com | D37: Cinco, Neville Dimagiba | E37: neville.cinco@concentrix.com | F37: Christian Bajo | H37: - | K37: HP Mainstream
A38: 102078871 | B38: Arsenue, Melvin Rosario | C38: melvin.arsenue@concentrix.com | D38: Ugalino, Jonadel Pineda | E38: jonadel.ugalino@concentrix.com | F38: Benedicto, Allen Kiel Lazarra | G38: allenkiel.benedicto@concentrix.com | H38: Ebuenga, Sheryll Avellaneda | I38: sheryll.ebuenga@concentrix.com | K38: HP Mainstream
A39: 101556076 | B39: Asenas, Sheryll Mae Futalan | C39: sheryllmae.asenas@concentrix.com | D39: Galope, Danri Catacutan | E39: danri.galope@concentrix.com | F39: Ramos, Ma Concepcion Sanchez | G39: maconcepcion.ramos@concentrix.com | H39: Ebuenga, Sheryll Avellaneda | I39: sheryll.ebuenga@concentrix.com | K39: HP Mainstream
A40: 102206550 | B40: Awitan, Jane Arimado | C40: jane.awitan@concentrix.com | D40: Andrecoso, April Melody Sunga | E40: aprilmelody.andrecoso@concentrix.com | F40: Benedicto, Allen Kiel Lazarra | G40: allenkiel.benedicto@concentrix.com | H40: Ebuenga, Sheryll Avellaneda | I40: sheryll.ebuenga@concentrix.com | K40: HP Mainstream
A41: 101291762 | B41: Baguino, Ariel Forbes | C41: ariel.baguino@concentrix.com | D41: Racha, Grace Eunice Divinagracia | E41: graceeunice.racha@concentrix.com | F41: Ramos, Ma Concepcion Sanchez | G41: maconcepcion.ramos@concentrix.com | H41: Ebuenga, Sheryll Avellaneda | I41: sheryll.ebuenga@concentrix.com | K41: HP Mainstream
A42: 101995840 | B42: Balingit, Judy Ann Getubig | C42: judyann.balingit@concentrix.com | D42: Sernal, Rachelle Ibiernas | E42: rachelle.sernal@concentrix.com | F42: Benedicto, Allen Kiel Lazarra | G42: allenkiel.benedicto@concentrix.com | H42: Ebuenga, Sheryll Avellaneda | I42: sheryll.ebuenga@concentrix.com | K42: HP Mainstream
A43: 101736462 | B43: Balles, Reymund Esquivel | C43: reymund.balles@concentrix.com | D43: Aluning, Alain-Angelo Cangco | E43: alain-angelo.aluning@concentrix.com | F43: Arcena, Alberto Chua | G43: alberto.arcenajr@concentrix.com | H43: Ebuenga, Sheryll Avellaneda | I43: sheryll.ebuenga@concentrix.com | K43: HP Mainstream
A44: 101768637 | B44: Baloco, Paula Bianca Villarante | C44: paulabianca.baloco@concentrix.com | D44: Ferrer, Jasper Kenneth Labor | E44: jasperkenneth.ferrer@concentrix.com | F44: Nito, Reynaldo Tribol | G44: reynaldo.nito@concentrix.com | H44: Ebuenga, Sheryll Avellaneda | I44: sheryll.ebuenga@concentrix.com | K44: HP Mainstream
A45: 102165562 | B45: Baltazar, Ryan Casey Lansangan | C45: ryancasey.baltazar@concentrix.com | D45: Ferrer, Jasper Kenneth Labor | E45: jasperkenneth.ferrer@concentrix.com | F45: Nito, Reynaldo Tribol | G45: reynaldo.nito@concentrix.com | H45: Ebuenga, Sheryll Avellaneda | I45: sheryll.ebuenga@concentrix.com | K45: HP Mainstream
A46: 102083797 | B46: Basbas, Lea Mai Lado | C46: leamai.basbas@concentrix.com | D46: De Guzman, Gabriel Rodrigo | E46: gabriel.deguzman@concentrix.com | F46: Arcena, Alberto Chua | G46: alberto.arcenajr@concentrix.com | H46: Ebuenga, Sheryll Avellaneda | I46: sheryll.ebuenga@concentrix.com | K46: HP Mainstream
A47: 101604136 | B47: Batimana, Randy Pardilla | C47: randy.batimana@concentrix.com | D47: Ong, Lesley Ann Bayotas | E47: lesleyann.ong@concentrix.com | F47: Ramos, Ma Concepcion Sanchez | G47: maconcepcion.ramos@concentrix.com | H47: Ebuenga, Sheryll Avellaneda | I47: sheryll.ebuenga@concentrix.com | K47: HP Mainstream
A48: 101367239 | B48: Bautista, Allan Joseph Sanchez | C48: allanjoseph.bautista@concentrix.com | D48: De Guzman, Gabriel Rodrigo | E48: gabriel.deguzman@concentrix.com | F48: Arcena, Alberto Chua | G48: alberto.arcenajr@concentrix.com | H48: Ebuenga, Sheryll Avellaneda | I48: sheryll.ebuenga@concentrix.com | K48: HP Mainstream
A49: 102867415 | B49: Bautista, Arvie Aggabao | C49: arvie.aggabao@concentrix.com | D49: Racha, Grace Eunice Divinagracia | E49: graceeunice.racha@concentrix.com | F49: Ramos, Ma Concepcion Sanchez | G49: maconcepcion.ramos@concentrix.com | H49: Ebuenga, Sheryll Avellaneda | I49: sheryll.ebuenga@concentrix.com | K49: HP Mainstream
... A54: 103188739 | B54: Bella, Zarla Marie Mallorca | C54: zarlamarie.bella@concentrix.com | D54: Vedia, Jerson Reyes | E54: jerson.vedia@concentrix.com | F54: Ramos, Ma Concepcion Sanchez | G54: maconcepcion.ramos@concentrix.com | H54: Ebuenga, Sheryll Avellaneda | I54: sheryll.ebuenga@concentrix.com | K54: HP Mainstream
A55: 98715 | B55: Benedicto, Allen Kiel Lazarra | C55: allenkiel.benedicto@concentrix.com | D55: Sevilla, Audrey Marie Galindo | E55: audrey.galindosevilla@concentrix.com | F55: - | H55: - | K55: HP Mainstream
A56: 98716 | B56: Benedicto, Mona Liza Matias | C56: monaliza.benedicto@concentrix.com | D56: Panti, Alger Arellano | E56: alger.panti@concentrix.com | F56: Panti, Alger Arellano | G56: alger.panti@concentrix.com | H56: - | K56: HP Mainstream
A57: 101349762 | B57: Bernardo, Mary Jane Cayme | C57: maryjane.bernardo@concentrix.com | D57: Racha, Grace Eunice Divinagracia | E57: graceeunice.racha@concentrix.com | F57: Ramos, Ma Concepcion Sanchez | G57: maconcepcion.ramos@concentrix.com | H57: Ebuenga, Sheryll Avellaneda | I57: sheryll.ebuenga@concentrix.com | K57: HP Mainstream
A58: 103378646 | B58: Bernat, Rae Anne Claro | C58: raeanne.bernat@concentrix.com | D58: Ugalino, Jonadel Pineda | E58: jonadel.ugalino@concentrix.com | F58: Benedicto, Allen Kiel Lazarra | G58: allenkiel.benedicto@concentrix.com | H58: Ebuenga, Sheryll Avellaneda | I58: sheryll.ebuenga@concentrix.com | K58: HP Mainstream
A59: 1059264 | B59: Bertos, Cindy Salmingo | C59: cindy.bertos@concentrix.com | D59: Adrales, Allen Rick Aguilar | E59: allenrick.adrales@concentrix.com | F59: Ramos, Ma Concepcion Sanchez | G59: maconcepcion.ramos@concentrix.com | H59: Ebuenga, Sheryll Avellaneda | I59: sheryll.ebuenga@concentrix.com | K59: HP Mainstream
A60: 101688555 | B60: Bhardwaj, Sundeep Taneza | C60: sundeep.bhardwaj@concentrix.com | D60: Chan, Caroline Cruce | E60: caroline.chan@concentrix.com | F60: Chan, Caroline Cruce | G60: caroline.chan@concentrix.com | H60: - | K60: HP Mainstream
A61: 1036539 | B61: Billete, Salve Checa | C61: salve.billete@concentrix.com | D61: Adrales, Allen Rick Aguilar | E61: allenrick.adrales@concentrix.com | F61: Ramos, Ma Concepcion Sanchez | G61: maconcepcion.ramos@concentrix.com | H61: Ebuenga, Sheryll Avellaneda | I61: sheryll.ebuenga@concentrix.com | K61: HP Mainstream
A62: 102041750 | B62: Blanco, Mary Jane Severano | C62: maryjane.blanco@concentrix.com | D62: Galope, Danri Catacutan | E62: danri.galope@concentrix.com | F62: Ramos, Ma Concepcion Sanchez | G62: maconcepcion.ramos@concentrix.com | H62: Ebuenga, Sheryll Avellaneda | I62: sheryll.ebuenga@concentrix.com | K62: HP Mainstream
A63: 261317 | B63: Blas, Jesus Jr Trinidad | C63: jesus.blas@concentrix.com | D63: Arcena, Alberto Chua | E63: alberto.arcenajr@concentrix.com | F63: Arcena, Alberto Chua | G63: alberto.arcenajr@concentrix.com | H63: Ebuenga, Sheryll Avellaneda | I63: sheryll.ebuenga@concentrix.com | K63: HP Mainstream
A64: 102013064 | B64: Boado, Jennifer A | C64: jennifer.boado@concentrix.com | D64: Quinto, Bernadeth Mendoza | E64: bernadeth.quinto@concentrix.com | F64: Benedicto, Allen Kiel Lazarra | G64: allenkiel.benedicto@concentrix.com | H64: Ebuenga, Sheryll Avellaneda | I64: sheryll.ebuenga@concentrix.com | K64: HP Mainstream
A65: 101941761 | B65: Bocar, Genesis - | C65: genesis.bocar@concentrix.com | D65: Adrales, Allen Rick Aguilar | E65: allenrick.adrales@concentrix.com | F65: Ramos, Ma Concepcion Sanchez | G65: maconcepcion.ramos@concentrix.com | H65: Ebuenga, Sheryll Avellaneda | I65: sheryll.ebuenga@concentrix.com | K65: HP Mainstream
A66: 102365965 | B66: Bocbocila, Josiel Amahit | C66: josiel.bocbocila@concentrix.com | D66: Ugalino, Jonadel Pineda | E66: jonadel.ugalino@concentrix.com | F66: Benedicto, Allen Kiel Lazarra | G66: allenkiel.benedicto@concentrix.com | H66: Ebuenga, Sheryll Avellaneda | I66: sheryll.ebuenga@concentrix.com | K66: HP Mainstream
A67: 102884614 | B67: Bondal, Dwennie Loraine Mendoza | C67: dwennieloraine.bondal@concentrix.com | D67: Racha, Grace Eunice Divinagracia | E67: graceeunice.racha@concentrix.com | F67: Ramos, Ma Concepcion Sanchez | G67: maconcepcion.ramos@concentrix.com | H67: Ebuenga, Sheryll Avellaneda | I67: sheryll.ebuenga@concentrix.com | K67: HP Mainstream
A68: 102082102 | B68: Bonilla, Ralph Vincent Tolentino | C68: ralphvincent.bonilla@concentrix.com | D68: Andrecoso, April Melody Sunga | E68: aprilmelody.andrecoso@concentrix.com | F68: Benedicto, Allen Kiel Lazarra | G68: allenkiel.benedicto@concentrix.com | H68: Ebuenga, Sheryll Avellaneda | I68: sheryll.ebuenga@concentrix.com | K68: HP Mainstream
A69: 103103310 | B69: Borbon, Genesis Amor Mendoza | C69: genesisamor.borbon@concentrix.com | D69: Ferrer, Jasper Kenneth Labor | E69: jasperkenneth.ferrer@concentrix.com | F69: Nito, Reynaldo Tribol | G69: reynaldo.nito@concentrix.com | H69: Ebuenga, Sheryll Avellaneda | I69: sheryll.ebuenga@concentrix.com | K69: HP Mainstream
A70: 103235572 | B70: Bordarays, Alyssa Matudan | C70: alyssa.bordarays@concentrix.com | D70: Andrecoso, April Melody Sunga | E70: aprilmelody.andrecoso@concentrix.com | F70: Benedicto, Allen Kiel Lazarra | G70: allenkiel.benedicto@concentrix.com | H70: Ebuenga, Sheryll Avellaneda | I70: sheryll.ebuenga@concentrix.com | K70: HP Mainstream
A71: 101789090 | B71: Boribor, Mary Shane Ombing | C71: maryshane.boribor@concentrix.com | D71: Belandres, Nica Marie Ballola | E71: nicamarie.belandres@concentrix.com | F71: Benedicto, Allen Kiel Lazarra | G71: allenkiel.benedicto@concentrix.com | H71: Ebuenga, Sheryll Avellaneda | I71: sheryll.ebuenga@concentrix.com | K71: HP Mainstream
A72: 101412728 | B72: Bornolla, Lord Kelvin Amos | C72: lordkelvin.bornolla@concentrix.com | D72: De Guzman, Gabriel Rodrigo | E72: gabriel.deguzman@concentrix.com | F72: Arcena, Alberto Chua | G72: alberto.arcenajr@concentrix.com | H72: Ebuenga, Sheryll Avellaneda | I72: sheryll.ebuenga@concentrix.com | K72: HP Mainstream
... A77: 103110245 | B77: Brosas, Solito Quinquito | C77: solito.brosas@concentrix.com | D77: Ong, Lesley Ann Bayotas | E77: lesleyann.ong@concentrix.com | F77: Ramos, Ma Concepcion Sanchez | G77: maconcepcion.ramos@concentrix.com | H77: Ebuenga, Sheryll Avellaneda | I77: sheryll.ebuenga@concentrix.com | K77: HP Mainstream
A78: 849142 | B78: Brual, Donnah Kharoleen Balagtas | C78: donnah.brual@concentrix.com | D78: Chan, Caroline Cruce | E78: caroline.chan@concentrix.com | F78: Chan, Caroline Cruce | G78: caroline.chan@concentrix.com | H78: - | K78: HP Mainstream
A79: 102862033 | B79: Buenaventura, Claudette Andrea Limjuco | C79: claudetteandrea.buenaventura@concentrix.com | D79: Andrecoso, April Melody Sunga | E79: aprilmelody.andrecoso@concentrix.com | F79: Benedicto, Allen Kiel Lazarra | G79: allenkiel.benedicto@concentrix.com | H79: Ebuenga, Sheryll Avellaneda | I79: sheryll.ebuenga@concentrix.com | K79: HP Mainstream
A80: 465996 | B80: Buendia, Clarissa San Vicente | C80: clarissa.buendia@concentrix.com | D80: Panti, Alger Arellano | E80: alger.panti@concentrix.com | F80: Panti, Alger Arellano | G80: alger.panti@concentrix.com | H80: - | K80: HP Mainstream
A81: 101768502 | B81: Bughao, Vicente Carlos De Luna | C81: vicentecarlos.bughao@concentrix.com | D81: Vedia, Jerson Reyes | E81: jerson.vedia@concentrix.com | F81: Ramos, Ma Concepcion Sanchez | G81: maconcepcion.ramos@concentrix.com | H81: Ebuenga, Sheryll Avellaneda | I81: sheryll.ebuenga@concentrix.com | K81: HP Mainstream
A82: 281553 | B82: Cabus, Dionicio Hernandez | C82: dionicio.cabus@concentrix.com | D82: Vedia, Jerson Reyes | E82: jerson.vedia@concentrix.com | F82: Ramos, Ma Concepcion Sanchez | G82: maconcepcion.ramos@concentrix.com | H82: Ebuenga, Sheryll Avellaneda | I82: sheryll.ebuenga@concentrix.com | K82: HP Mainstream
A83: 1050612 | B83: Calo, Mayet Largosa | C83: mayet.calo@concentrix.com | D83: Hije, Bernadeth Rosales | E83: bernadeth.hije@concentrix.com | F83: Benedicto, Allen Kiel Lazarra | G83: allenkiel.benedicto@concentrix.com | H83: Ebuenga, Sheryll Avellaneda | I83: sheryll.ebuenga@concentrix.com | K83: HP Mainstream
A84: 101386887 | B84: Calvendra, Jaycelle Perez | C84: jaycelle.perez@concentrix.com | D84: Belandres, Nica Marie Ballola | E84: nicamarie.belandres@concentrix.com | F84: Benedicto, Allen Kiel Lazarra | G84: allenkiel.benedicto@concentrix.com | H84: Ebuenga, Sheryll Avellaneda | I84: sheryll.ebuenga@concentrix.com | K84: HP Mainstream
A85: 102235710 | B85: Cambe, Bernadeth Punzalan | C85: bernadeth.cambe@concentrix.com | D85: Poon, Aris Sobrevilla | E85: aris.poon@concentrix.com | F85: Ramos, Ma Concepcion Sanchez | G85: maconcepcion.ramos@concentrix.com | H85: Ebuenga, Sheryll Avellaneda | I85: sheryll.ebuenga@concentrix.com | K85: HP Mainstream
A86: 1083158 | B86: Canales, Mark Florenz Guballo | C86: markflorenz.canales@concentrix.com | D86: Belandres, Nica Marie Ballola | E86: nicamarie.belandres@concentrix.com | F86: Benedicto, Allen Kiel Lazarra | G86: allenkiel.benedicto@concentrix.com | H86: Ebuenga, Sheryll Avellaneda | I86: sheryll.ebuenga@concentrix.com | K86: HP Mainstream
A87: 102864800 | B87: Capales, Quennie Vasquez | C87: quennie.vasquez@concentrix.com | D87: Adrales, Allen Rick Aguilar | E87: allenrick.adrales@concentrix.com | F87: Ramos, Ma Concepcion Sanchez | G87: maconcepcion.ramos@concentrix.com | H87: Ebuenga, Sheryll Avellaneda | I87: sheryll.ebuenga@concentrix.com | K87: HP Mainstream
A88: 103577190 | B88: Capule, Angel Kate Devaras | C88: angelkate.capule@concentrix.com | D88: Salafranca, Ryan Alejo | E88: ryan.salafranca@concentrix.com | F88: Arcena, Alberto Chua | G88: alberto.arcenajr@concentrix.com | H88: Ebuenga, Sheryll Avellaneda | I88: sheryll.ebuenga@concentrix.com | K88: HP Mainstream
A89: 103335575 | B89: Carbajal, James Nathaniel Abastillas | C89: jamesnathaniel.carbajal@concentrix.com | D89: Sernal, Rachelle Ibiernas | E89: rachelle.sernal@concentrix.com | F89: Benedicto, Allen Kiel Lazarra | G89: allenkiel.benedicto@concentrix.com | H89: Ebuenga, Sheryll Avellaneda | I89: sheryll.ebuenga@concentrix.com | K89: HP Mainstream
A90: 102370621 | B90: Carpio, Ellen Rose Medina | C90: ellenrose.carpio@concentrix.com | D90: Sernal, Rachelle Ibiernas | E90: rachelle.sernal@concentrix.com | F90: Benedicto, Allen Kiel Lazarra | G90: allenkiel.benedicto@concentrix.com | H90: Ebuenga, Sheryll Avellaneda | I90: sheryll.ebuenga@concentrix.com | K90: HP Mainstream
A91: 101936922 | B91: Casing, Jhon Carlo Azarcon | C91: jhoncarlo.casing@concentrix.com | D91: Adrales, Allen Rick Aguilar | E91: allenrick.adrales@concentrix.com | F91: Ramos, Ma Concepcion Sanchez | G91: maconcepcion.ramos@concentrix.com | H91: Ebuenga, Sheryll Avellaneda | I91: sheryll.ebuenga@concentrix.com | K91: HP Mainstream
A92: 102146028 | B92: Casiño, Jaypee Cabural | C92: jaypee.casino@concentrix.com | D92: Aluning, Alain-Angelo Cangco | E92: alain-angelo.aluning@concentrix.com | F92: Arcena, Alberto Chua | G92: alberto.arcenajr@concentrix.com | H92: Ebuenga, Sheryll Avellaneda | I92: sheryll.ebuenga@concentrix.com | K92: HP Mainstream
A93: 102347944 | B93: Castillo, Wilbert Pamplona | C93: wilbert.castillo@concentrix.com | D93: Ebuenga, Sheryll Avellaneda | E93: sheryll.ebuenga@concentrix.com | F93: Ebuenga, Sheryll Avellaneda | G93: sheryll.ebuenga@concentrix.com | H93: - | K93: HP Mainstream
A94: 101736459 | B94: Castro, Michael Catiempo | C94: michael.castro@concentrix.com | D94: Luñiza, Jona Claveria | E94: jona.luniza@concentrix.com | F94: Arcena, Alberto Chua | G94: alberto.arcenajr@concentrix.com | H94: Ebuenga, Sheryll Avellaneda | I94: sheryll.ebuenga@concentrix.com | K94: HP Mainstream
A95: 102040932 | B95: Cañaveral, January Olivar | C95: january.canaveral@concentrix.com | D95: Andrecoso, April Melody Sunga | E95: aprilmelody.andrecoso@concentrix.com | F95: Benedicto, Allen Kiel Lazarra | G95: allenkiel.benedicto@concentrix.com | H95: Ebuenga, Sheryll Avellaneda | I95: sheryll.ebuenga@concentrix.com | K95: HP Mainstream
A96: 141998 | B96: Cañedo, Danie Dela Cruz | C96: danie.canedo@concentrix.com | D96: Cinco, Neville Dimagiba | E96: neville.cinco@concentrix.com | F96: Christian Bajo | H96: - | K96: HP Mainstream
A97: 101398990 | B97: Cerace, Jayson Silvio | C97: jayson.cerace@concentrix.com | D97: Galope, Danri Catacutan | E97: danri.galope@concentrix.com | F97: Ramos, Ma Concepcion Sanchez | G97: maconcepcion.ramos@concentrix.com | H97: Ebuenga, Sheryll Avellaneda | I97: sheryll.ebuenga@concentrix.com | K97: HP Mainstream
A98: 100896068 | B98: Chan, Caroline Cruce | C98: caroline.chan@concentrix.com | D98: Medel, Lorelei Gabriel | E98: lorelei.gabriel@concentrix.com | F98: Medel, Lorelei Gabriel | G98: lorelei.gabriel@concentrix.com | H98: - | K98: HP Mainstream
A99: 102026429 | B99: Chu, Ivan Rainier Tan | C99: ivanrainier.chu@concentrix.com | D99: Blas, Jesus Jr Trinidad | E99: jesus.blas@concentrix.com | F99: Arcena, Alberto Chua | G99: alberto.arcenajr@concentrix.com | H99: Ebuenga, Sheryll Avellaneda | I99: sheryll.ebuenga@concentrix.com | K99: HP Mainstream
A100: 136250 | B100: Cinco, Neville Dimagiba | C100: neville.cinco@concentrix.com | D100: Bajo, Christian Dela Cruz | F100: Bajo, Christian Dela Cruz | H100: - | K100: HP Mainstream
A101: 101550417 | B101: Claro, Yvonne Larita | C101: yvonne.claro@concentrix.com | D101: Aluning, Alain-Angelo Cangco | E101: alain-angelo.aluning@concentrix.com | F101: Arcena, Alberto Chua | G101: alberto.arcenajr@concentrix.com | H101: Ebuenga, Sheryll Avellaneda | I101: sheryll.ebuenga@concentrix.com | K101: HP Mainstream
A102: 101409762 | B102: Cornell, Saida Mateo | C102: saida.cornell@concentrix.com | D102: Adrales, Allen Rick Aguilar | E102: allenrick.adrales@concentrix.com | F102: Ramos, Ma Concepcion Sanchez | G102: maconcepcion.ramos@concentrix.com | H102: Ebuenga, Sheryll Avellaneda | I102: sheryll.ebuenga@concentrix.com | K102: HP Mainstream
A103: 103096939 | B103: Costoy, Renel Dave Nmn | C103: reneldave.costoy@concentrix.com | D103: Racha, Grace Eunice Divinagracia | E103: graceeunice.racha@concentrix.com | F103: Ramos, Ma Concepcion Sanchez | G103: maconcepcion.ramos@concentrix.com | H103: Ebuenga, Sheryll Avellaneda | I103: sheryll.ebuenga@concentrix.com | K103: HP Mainstream
A104: 101904970 | B104: Crisostomo, Alma Tigas | C104: alma.crisostomo@concentrix.com | D104: Blas, Jesus Jr Trinidad | E104: jesus.blas@concentrix.com | F104: Arcena, Alberto Chua | G104: alberto.arcenajr@concentrix.com | H104: Ebuenga, Sheryll Avellaneda | I104: sheryll.ebuenga@concentrix.com | K104: HP Mainstream
A105: 103248344 | B105: Cruz, Donato Mataganas | C105: donato.cruz@concentrix.com | D105: Lungcay, Robin Landayan | E105: robin.lungcay@concentrix.com | F105: Benedicto, Allen Kiel Lazarra | G105: allenkiel.benedicto@concentrix.com | H105: Ebuenga, Sheryll Avellaneda | I105: sheryll.ebuenga@concentrix.com | K105: HP Mainstream
A106: 101573344 | B106: Cruz, Jenefa Rose Salas | C106: jenefarose.cruz@concentrix.com | D106: Ferrer, Jasper Kenneth Labor | E106: jasperkenneth.ferrer@concentrix.com | F106: Nito, Reynaldo Tribol | G106: reynaldo.nito@concentrix.com | H106: Ebuenga, Sheryll Avellaneda | I106: sheryll.ebuenga@concentrix.com | K106: HP Mainstream
A107: 102156702 | B107: Cruz, Ma. Cassandra Orada | C107: macassandra.cruz@concentrix.com | D107: Sernal, Rachelle Ibiernas | E107: rachelle.sernal@concentrix.com | F107: Benedicto, Allen Kiel Lazarra | G107: allenkiel.benedicto@concentrix.com | H107: Ebuenga, Sheryll Avellaneda | I107: sheryll.ebuenga@concentrix.com | K107: HP Mainstream
A108: 103164373 | B108: Cruz, Michael Portem | C108: michael.cruz5@concentrix.com | D108: Aluning, Alain-Angelo Cangco | E108: alain-angelo.aluning@concentrix.com | F108: Arcena, Alberto Chua | G108: alberto.arcenajr@concentrix.com | H108: Ebuenga, Sheryll Avellaneda | I108: sheryll.ebuenga@concentrix.com | K108: HP Mainstream
...

Sheet Lists
A1: Case Resolution options | B1: Expected Resolution Codes | C1: Auditors | D1: Timeframes | E1: CC distribution list (edit) | F1: Validation filter | G1: Team Leaders | H1: Agent Names | I1: Auditor filter | K1: Channels
A2: Valid (Pass) | B2: Remote Solution (HW/SW Resolved Remotely via Troubleshooting) | C2: Sundeep Bhardwaj | D2: All Time | E2: PH_QUE_NE_HP_Quality_Support@concentrix.com | F2: All Statuses | G2: All Team Leaders | H2: Abad, Roberto Jr Marquez | I2: All Auditors | K2: Voice
A3: Quick Case (Invalid) | B3: Parts Shipped (CSR Part / RCD Media / Instant Ink PO) | C3: Ivy Serata | D3: Today | F3: Valid | G3: Adrales, Allen Rick Aguilar | H3: Abadilla, Paul Justin Aleguiojo | I3: Sundeep Bhardwaj | K3: Chat
A4: No Support Provided (Security Stop/Hold / Global Trade Fail) | B4: Onsite Solution (Break & Fix / Installation Work Order) | C4: Jonel Meniano | D4: Last 7 Days | F4: Invalid | G4: Agustin, Alexander Veloso | H4: Abella, Asianicole Cuambot | I4: Ivy Serata | K4: Email
A5: Cancel Per Customer / No Contact (CPC/NC) | B5: Offsite Solution (Bench / Depot Repair Service Order) | C5: Archieval Decena | D5: Last 14 Days | G5: Aluning, Alain-Angelo Cangco | H5: Abella, Ma. Divina Centino | I5: Jonel Meniano | K5: Back Office
A6: Case Voided (Test Case / Duplicate / Created by Mistake) | B6: Exchange Solution (Whole Unit Exchange Arranged) | C6: Donnah Brual | D6: Last 30 Days | G6: Andrecoso, April Melody Sunga | H6: Abellar, Nina Grace Lincallo | I6: Archieval Decena
A7: Non-Tech Solution (General Inquiry / Warranty / How-To) | B7: Non-Tech Solution (General Inquiry / Warranty / How-To) | C7: Emil Eduardo | D7: This Month | G7: Arcena, Alberto Chua | H7: Abogado, Maria Cristina Cambaliza | I7: Donnah Brual
A8: Remote Solution (HW/SW Resolved Remotely via Troubleshooting) | B8: Cloud Recovery Download (Recovery Media with No Tech Concern) | C8: Maevenus Setias | G8: Bajo, Christian Dela Cruz | H8: Aceron, Ma Jovel Salvador | I8: Emil Eduardo
A9: Offsite Solution (Bench / Depot Repair Service Order) | B9: Referred - for Hardware Service (ASP / 3rd Party HW / DOA) | C9: Kurtjohn Gatmaitan | G9: Belandres, Nica Marie Ballola | H9: Acuesta, Charles Gerry Stephen Logdat | I9: Maevenus Setias
A10: Exchange Solution (Whole Unit Exchange Arranged) | B10: Referred - for Software Support (Out of Scope / 3rd Party SW) | C10: Attinareccie Padaya | G10: Benedicto, Allen Kiel Lazarra | H10: Adrales, Allen Rick Aguilar | I10: Kurtjohn Gatmaitan
A11: Onsite Solution (Break & Fix / Installation Work Order) | B11: Quick Case | C11: Christian Pila | G11: Blas, Jesus Jr Trinidad | H11: Agcaoili, Angel Moraine Hinoo | I11: Attinareccie Padaya
A12: Parts Shipped (CSR Part / RCD Media / Instant Ink PO) | B12: No Support Provided (Security Stop/Hold / Global Trade Fail) | C12: Shaileen Almodiel | G12: Briones, Aries Ang | H12: Aguas, Thea Tolentino | I12: Christian Pila
A13: Referred - for Hardware Service (ASP / 3rd Party HW / DOA) | B13: Cancel Per Customer / No Contact (CPC/NC) | C13: Darlene Presado | G13: Chan, Caroline Cruce | H13: Aguto, Luke Matthew Mariano | I13: Shaileen Almodiel
A14: Referred - for Software Support (Out of Scope / 3rd Party SW) | B14: Case Voided (Test Case / Duplicate / Created by Mistake) | C14: Anita Fabales | G14: Cinco, Neville Dimagiba | H14: Ajose, Ferd Mark Cristobal | I14: Darlene Presado
A15: Unresolved - Not Entitled for Support | B15: Unresolved - Not Entitled for Support | C15: Jessalyn Sastrillo | G15: De Guzman, Gabriel Rodrigo | H15: Albios, Art Christopher Salinas | I15: Anita Fabales
C16: Caroline Chan | G16: Dela Fuente, Erick John Palomo | H16: Alcancia, Jaycel Giron | I16: Jessalyn Sastrillo
G17: Ebuenga, Sheryll Avellaneda | H17: Aldea, Arthel Jane Donasco | I17: Caroline Chan
G18: Ferrer, Jasper Kenneth Labor | H18: Alestre, Jolina Balde
G19: Galope, Danri Catacutan | H19: Alinday, Shiela Marie Altabano
G20: Hije, Bernadeth Rosales | H20: Almiñe, Jaypee Maniquiz
G21: Imran Shaikh | H21: Almodiel, Shaileen Eduarte
G22: Lazaro, Paolo Dennis Hidalgo | H22: Aluning, Alain-Angelo Cangco
G23: Leonardo, Kristine Joy Sigalat | H23: Alvarez, Wenerick Francisco
G24: Lungcay, Robin Landayan | H24: Amboyon, Julieta Mata
G25: Luñiza, Jona Claveria | H25: Andrecoso, April Melody Sunga
G26: Medel, Lorelei Gabriel | H26: Anilado, Ellen Sunga
G27: Napone, Jerome Budlao | H27: Antonio, Jeric Camillan
G28: Nito, Reynaldo Tribol | H28: Antonio, Marvin Molo
G29: Ong, Lesley Ann Bayotas | H29: Antonio, Patricia Ann Valdez
... G41: Vedia, Jerson Reyes | H41: Baguino, Ariel Forbes
H42: Balingit, Judy Ann Getubig
H43: Balles, Reymund Esquivel
H44: Baloco, Paula Bianca Villarante
H45: Baltazar, Ryan Casey Lansangan
H46: Basbas, Lea Mai Lado
H47: Batimana, Randy Pardilla
H48: Bautista, Allan Joseph Sanchez
H49: Bautista, Arvie Aggabao
H50: Baya, Cindy Diaz
H51: Bayson, Johnnella Faith Baluco
H52: Belandres, Nica Marie Ballola
H53: Belgica, Jessa Sarmiento
... H465: Zafra, June Darelle Singson

Sheet Calc
A1: filter engine | D1: day | E1: audits | G1: invalid reason | H1: defects | I1: rank helper | K1: top code | L1: defects | N1: TL | O1: audits | P1: valid | Q1: rank | R1: pass | T1: top TL | U1: audits | V1: pass % | X1: agent | Y1: defects | Z1: rank | AB1: top agent | AC1: defects
A2: startDate | B2: =IF('Dashboard'!$C$2="All Time",0,IF('Dashboard'!$C$2="Today",TODAY(),IF('Dashboard'!$C$2="Last 7 Days",TODAY()-6,IF('Dashboard'!$C$2="Last 14 Days",TODAY()-13,IF('Dashboard'!$C$2="Last 30 Days",TODAY()-29,DATE(YEAR(TODAY()),MONTH(TODAY()),1)))))) | D2: =TODAY()-13 | E2: =COUNTIFS('Audit Log'!$B$2:$B$2001,$D2,'Audit Log'!$F$2:$F$2001,$B$3,'Audit Log'!$S$2:$S$2001,$B$4,'Audit Log'!$T$2:$T$2001,"No",'Audit Log'!$O$2:$O$2001,$B$5) | G2: Quick Case (Invalid) | H2: =COUNTIFS('Audit Log'!$B$2:$B$2001,">="&$B$2,'Audit Log'!$F$2:$F$2001,$B$3,'Audit Log'!$S$2:$S$2001,$B$4,'Audit Log'!$T$2:$T$2001,"No",'Audit Log'!$P$2:$P$2001,$G2) | I2: =$H2+ROW()/100000 | K2: =IFERROR(INDEX($G$2:$G$14,MATCH(LARGE($I$2:$I$14,1),$I$2:$I$14,0)),"") | L2: =IFERROR(INT(LARGE($I$2:$I$14,1)),0) | N2: Adrales, Allen Rick Aguilar | O2: =COUNTIFS('Audit Log'!$B$2:$B$2001,">="&$B$2,'Audit Log'!$F$2:$F$2001,$N2,'Audit Log'!$S$2:$S$2001,$B$4,'Audit Log'!$T$2:$T$2001,"No") | P2: =COUNTIFS('Audit Log'!$B$2:$B$2001,">="&$B$2,'Audit Log'!$F$2:$F$2001,$N2,'Audit Log'!$S$2:$S$2001,$B$4,'Audit Log'!$T$2:$T$2001,"No",'Audit Log'!$O$2:$O$2001,"Valid") | Q2: =$O2+ROW()/100000 | R2: =IFERROR($P2/$O2,0) | T2: =IFERROR(INDEX($N$2:$N$40,MATCH(LARGE($Q$2:$Q$40,1),$Q$2:$Q$40,0)),"") | U2: =IFERROR(INT(LARGE($Q$2:$Q$40,1)),0) | V2: =IFERROR(INDEX($R$2:$R$40,MATCH(LARGE($Q$2:$Q$40,1),$Q$2:$Q$40,0)),0) | X2: Abad, Roberto Jr Marquez | Y2: =COUNTIFS('Audit Log'!$B$2:$B$2001,">="&$B$2,'Audit Log'!$F$2:$F$2001,$B$3,'Audit Log'!$S$2:$S$2001,$B$4,'Audit Log'!$T$2:$T$2001,"No",'Audit Log'!$C$2:$C$2001,$X2,'Audit Log'!$O$2:$O$2001,"Invalid") | Z2: =$Y2+ROW()/100000 | AB2: =IFERROR(INDEX($X$2:$X$465,MATCH(LARGE($Z$2:$Z$465,1),$Z$2:$Z$465,0)),"") | AC2: =IFERROR(INT(LARGE($Z$2:$Z$465,1)),0)
A3: tlCrit | B3: =IF('Dashboard'!$E$2="All Team Leaders","*",'Dashboard'!$E$2) | D3: =TODAY()-12 | E3: =COUNTIFS('Audit Log'!$B$2:$B$2001,$D3,'Audit Log'!$F$2:$F$2001,$B$3,'Audit Log'!$S$2:$S$2001,$B$4,'Audit Log'!$T$2:$T$2001,"No",'Audit Log'!$O$2:$O$2001,$B$5) | G3: No Support Provided (Security Stop/Hold / Global Trade Fail) | H3: =COUNTIFS('Audit Log'!$B$2:$B$2001,">="&$B$2,'Audit Log'!$F$2:$F$2001,$B$3,'Audit Log'!$S$2:$S$2001,$B$4,'Audit Log'!$T$2:$T$2001,"No",'Audit Log'!$P$2:$P$2001,$G3) | I3: =$H3+ROW()/100000 | K3: =IFERROR(INDEX($G$2:$G$14,MATCH(LARGE($I$2:$I$14,2),$I$2:$I$14,0)),"") | L3: =IFERROR(INT(LARGE($I$2:$I$14,2)),0) | N3: Agustin, Alexander Veloso | O3: =COUNTIFS('Audit Log'!$B$2:$B$2001,">="&$B$2,'Audit Log'!$F$2:$F$2001,$N3,'Audit Log'!$S$2:$S$2001,$B$4,'Audit Log'!$T$2:$T$2001,"No") | P3: =COUNTIFS('Audit Log'!$B$2:$B$2001,">="&$B$2,'Audit Log'!$F$2:$F$2001,$N3,'Audit Log'!$S$2:$S$2001,$B$4,'Audit Log'!$T$2:$T$2001,"No",'Audit Log'!$O$2:$O$2001,"Valid") | Q3: =$O3+ROW()/100000 | R3: =IFERROR($P3/$O3,0) | T3: =IFERROR(INDEX($N$2:$N$40,MATCH(LARGE($Q$2:$Q$40,2),$Q$2:$Q$40,0)),"") | U3: =IFERROR(INT(LARGE($Q$2:$Q$40,2)),0) | V3: =IFERROR(INDEX($R$2:$R$40,MATCH(LARGE($Q$2:$Q$40,2),$Q$2:$Q$40,0)),0) | X3: Abadilla, Paul Justin Aleguiojo | Y3: =COUNTIFS('Audit Log'!$B$2:$B$2001,">="&$B$2,'Audit Log'!$F$2:$F$2001,$B$3,'Audit Log'!$S$2:$S$2001,$B$4,'Audit Log'!$T$2:$T$2001,"No",'Audit Log'!$C$2:$C$2001,$X3,'Audit Log'!$O$2:$O$2001,"Invalid") | Z3: =$Y3+ROW()/100000 | AB3: =IFERROR(INDEX($X$2:$X$465,MATCH(LARGE($Z$2:$Z$465,2),$Z$2:$Z$465,0)),"") | AC3: =IFERROR(INT(LARGE($Z$2:$Z$465,2)),0)
A4: auditorCrit | B4: =IF('Dashboard'!$G$2="All Auditors","*",'Dashboard'!$G$2) | D4: =TODAY()-11 | E4: =COUNTIFS('Audit Log'!$B$2:$B$2001,$D4,'Audit Log'!$F$2:$F$2001,$B$3,'Audit Log'!$S$2:$S$2001,$B$4,'Audit Log'!$T$2:$T$2001,"No",'Audit Log'!$O$2:$O$2001,$B$5) | G4: Cancel Per Customer / No Contact (CPC/NC) | H4: =COUNTIFS('Audit Log'!$B$2:$B$2001,">="&$B$2,'Audit Log'!$F$2:$F$2001,$B$3,'Audit Log'!$S$2:$S$2001,$B$4,'Audit Log'!$T$2:$T$2001,"No",'Audit Log'!$P$2:$P$2001,$G4) | I4: =$H4+ROW()/100000 | K4: =IFERROR(INDEX($G$2:$G$14,MATCH(LARGE($I$2:$I$14,3),$I$2:$I$14,0)),"") | L4: =IFERROR(INT(LARGE($I$2:$I$14,3)),0) | N4: Aluning, Alain-Angelo Cangco | O4: =COUNTIFS('Audit Log'!$B$2:$B$2001,">="&$B$2,'Audit Log'!$F$2:$F$2001,$N4,'Audit Log'!$S$2:$S$2001,$B$4,'Audit Log'!$T$2:$T$2001,"No") | P4: =COUNTIFS('Audit Log'!$B$2:$B$2001,">="&$B$2,'Audit Log'!$F$2:$F$2001,$N4,'Audit Log'!$S$2:$S$2001,$B$4,'Audit Log'!$T$2:$T$2001,"No",'Audit Log'!$O$2:$O$2001,"Valid") | Q4: =$O4+ROW()/100000 | R4: =IFERROR($P4/$O4,0) | T4: =IFERROR(INDEX($N$2:$N$40,MATCH(LARGE($Q$2:$Q$40,3),$Q$2:$Q$40,0)),"") | U4: =IFERROR(INT(LARGE($Q$2:$Q$40,3)),0) | V4: =IFERROR(INDEX($R$2:$R$40,MATCH(LARGE($Q$2:$Q$40,3),$Q$2:$Q$40,0)),0) | X4: Abella, Asianicole Cuambot | Y4: =COUNTIFS('Audit Log'!$B$2:$B$2001,">="&$B$2,'Audit Log'!$F$2:$F$2001,$B$3,'Audit Log'!$S$2:$S$2001,$B$4,'Audit Log'!$T$2:$T$2001,"No",'Audit Log'!$C$2:$C$2001,$X4,'Audit Log'!$O$2:$O$2001,"Invalid") | Z4: =$Y4+ROW()/100000 | AB4: =IFERROR(INDEX($X$2:$X$465,MATCH(LARGE($Z$2:$Z$465,3),$Z$2:$Z$465,0)),"") | AC4: =IFERROR(INT(LARGE($Z$2:$Z$465,3)),0)
A5: valCrit | B5: =IF('Dashboard'!$I$2="All Statuses","*",'Dashboard'!$I$2) | D5: =TODAY()-10 | E5: =COUNTIFS('Audit Log'!$B$2:$B$2001,$D5,'Audit Log'!$F$2:$F$2001,$B$3,'Audit Log'!$S$2:$S$2001,$B$4,'Audit Log'!$T$2:$T$2001,"No",'Audit Log'!$O$2:$O$2001,$B$5) | G5: Case Voided (Test Case / Duplicate / Created by Mistake) | H5: =COUNTIFS('Audit Log'!$B$2:$B$2001,">="&$B$2,'Audit Log'!$F$2:$F$2001,$B$3,'Audit Log'!$S$2:$S$2001,$B$4,'Audit Log'!$T$2:$T$2001,"No",'Audit Log'!$P$2:$P$2001,$G5) | I5: =$H5+ROW()/100000 | K5: =IFERROR(INDEX($G$2:$G$14,MATCH(LARGE($I$2:$I$14,4),$I$2:$I$14,0)),"") | L5: =IFERROR(INT(LARGE($I$2:$I$14,4)),0) | N5: Andrecoso, April Melody Sunga | O5: =COUNTIFS('Audit Log'!$B$2:$B$2001,">="&$B$2,'Audit Log'!$F$2:$F$2001,$N5,'Audit Log'!$S$2:$S$2001,$B$4,'Audit Log'!$T$2:$T$2001,"No") | P5: =COUNTIFS('Audit Log'!$B$2:$B$2001,">="&$B$2,'Audit Log'!$F$2:$F$2001,$N5,'Audit Log'!$S$2:$S$2001,$B$4,'Audit Log'!$T$2:$T$2001,"No",'Audit Log'!$O$2:$O$2001,"Valid") | Q5: =$O5+ROW()/100000 | R5: =IFERROR($P5/$O5,0) | T5: =IFERROR(INDEX($N$2:$N$40,MATCH(LARGE($Q$2:$Q$40,4),$Q$2:$Q$40,0)),"") | U5: =IFERROR(INT(LARGE($Q$2:$Q$40,4)),0) | V5: =IFERROR(INDEX($R$2:$R$40,MATCH(LARGE($Q$2:$Q$40,4),$Q$2:$Q$40,0)),0) | X5: Abella, Ma. Divina Centino | Y5: =COUNTIFS('Audit Log'!$B$2:$B$2001,">="&$B$2,'Audit Log'!$F$2:$F$2001,$B$3,'Audit Log'!$S$2:$S$2001,$B$4,'Audit Log'!$T$2:$T$2001,"No",'Audit Log'!$C$2:$C$2001,$X5,'Audit Log'!$O$2:$O$2001,"Invalid") | Z5: =$Y5+ROW()/100000 | AB5: =IFERROR(INDEX($X$2:$X$465,MATCH(LARGE($Z$2:$Z$465,4),$Z$2:$Z$465,0)),"") | AC5: =IFERROR(INT(LARGE($Z$2:$Z$465,4)),0)
D6: =TODAY()-9 | E6: =COUNTIFS('Audit Log'!$B$2:$B$2001,$D6,'Audit Log'!$F$2:$F$2001,$B$3,'Audit Log'!$S$2:$S$2001,$B$4,'Audit Log'!$T$2:$T$2001,"No",'Audit Log'!$O$2:$O$2001,$B$5) | G6: Non-Tech Solution (General Inquiry / Warranty / How-To) | H6: =COUNTIFS('Audit Log'!$B$2:$B$2001,">="&$B$2,'Audit Log'!$F$2:$F$2001,$B$3,'Audit Log'!$S$2:$S$2001,$B$4,'Audit Log'!$T$2:$T$2001,"No",'Audit Log'!$P$2:$P$2001,$G6) | I6: =$H6+ROW()/100000 | K6: =IFERROR(INDEX($G$2:$G$14,MATCH(LARGE($I$2:$I$14,5),$I$2:$I$14,0)),"") | L6: =IFERROR(INT(LARGE($I$2:$I$14,5)),0) | N6: Arcena, Alberto Chua | O6: =COUNTIFS('Audit Log'!$B$2:$B$2001,">="&$B$2,'Audit Log'!$F$2:$F$2001,$N6,'Audit Log'!$S$2:$S$2001,$B$4,'Audit Log'!$T$2:$T$2001,"No") | P6: =COUNTIFS('Audit Log'!$B$2:$B$2001,">="&$B$2,'Audit Log'!$F$2:$F$2001,$N6,'Audit Log'!$S$2:$S$2001,$B$4,'Audit Log'!$T$2:$T$2001,"No",'Audit Log'!$O$2:$O$2001,"Valid") | Q6: =$O6+ROW()/100000 | R6: =IFERROR($P6/$O6,0) | T6: =IFERROR(INDEX($N$2:$N$40,MATCH(LARGE($Q$2:$Q$40,5),$Q$2:$Q$40,0)),"") | U6: =IFERROR(INT(LARGE($Q$2:$Q$40,5)),0) | V6: =IFERROR(INDEX($R$2:$R$40,MATCH(LARGE($Q$2:$Q$40,5),$Q$2:$Q$40,0)),0) | X6: Abellar, Nina Grace Lincallo | Y6: =COUNTIFS('Audit Log'!$B$2:$B$2001,">="&$B$2,'Audit Log'!$F$2:$F$2001,$B$3,'Audit Log'!$S$2:$S$2001,$B$4,'Audit Log'!$T$2:$T$2001,"No",'Audit Log'!$C$2:$C$2001,$X6,'Audit Log'!$O$2:$O$2001,"Invalid") | Z6: =$Y6+ROW()/100000 | AB6: =IFERROR(INDEX($X$2:$X$465,MATCH(LARGE($Z$2:$Z$465,5),$Z$2:$Z$465,0)),"") | AC6: =IFERROR(INT(LARGE($Z$2:$Z$465,5)),0)
B7: =COUNTIFS('Audit Log'!$B$2:$B$2001,">="&$B$2,'Audit Log'!$F$2:$F$2001,$B$3,'Audit Log'!$S$2:$S$2001,$B$4,'Audit Log'!$T$2:$T$2001,"No",'Audit Log'!$O$2:$O$2001,$B$5) | D7: =TODAY()-8 | E7: =COUNTIFS('Audit Log'!$B$2:$B$2001,$D7,'Audit Log'!$F$2:$F$2001,$B$3,'Audit Log'!$S$2:$S$2001,$B$4,'Audit Log'!$T$2:$T$2001,"No",'Audit Log'!$O$2:$O$2001,$B$5) | G7: Remote Solution (HW/SW Resolved Remotely via Troubleshooting) | H7: =COUNTIFS('Audit Log'!$B$2:$B$2001,">="&$B$2,'Audit Log'!$F$2:$F$2001,$B$3,'Audit Log'!$S$2:$S$2001,$B$4,'Audit Log'!$T$2:$T$2001,"No",'Audit Log'!$P$2:$P$2001,$G7) | I7: =$H7+ROW()/100000 | K7: =IFERROR(INDEX($G$2:$G$14,MATCH(LARGE($I$2:$I$14,6),$I$2:$I$14,0)),"") | L7: =IFERROR(INT(LARGE($I$2:$I$14,6)),0) | N7: Bajo, Christian Dela Cruz | O7: =COUNTIFS('Audit Log'!$B$2:$B$2001,">="&$B$2,'Audit Log'!$F$2:$F$2001,$N7,'Audit Log'!$S$2:$S$2001,$B$4,'Audit Log'!$T$2:$T$2001,"No") | P7: =COUNTIFS('Audit Log'!$B$2:$B$2001,">="&$B$2,'Audit Log'!$F$2:$F$2001,$N7,'Audit Log'!$S$2:$S$2001,$B$4,'Audit Log'!$T$2:$T$2001,"No",'Audit Log'!$O$2:$O$2001,"Valid") | Q7: =$O7+ROW()/100000 | R7: =IFERROR($P7/$O7,0) | X7: Abogado, Maria Cristina Cambaliza | Y7: =COUNTIFS('Audit Log'!$B$2:$B$2001,">="&$B$2,'Audit Log'!$F$2:$F$2001,$B$3,'Audit Log'!$S$2:$S$2001,$B$4,'Audit Log'!$T$2:$T$2001,"No",'Audit Log'!$C$2:$C$2001,$X7,'Audit Log'!$O$2:$O$2001,"Invalid") | Z7: =$Y7+ROW()/100000 | AB7: =IFERROR(INDEX($X$2:$X$465,MATCH(LARGE($Z$2:$Z$465,6),$Z$2:$Z$465,0)),"") | AC7: =IFERROR(INT(LARGE($Z$2:$Z$465,6)),0)
A8: Valid | B8: =COUNTIFS('Audit Log'!$B$2:$B$2001,">="&$B$2,'Audit Log'!$F$2:$F$2001,$B$3,'Audit Log'!$S$2:$S$2001,$B$4,'Audit Log'!$T$2:$T$2001,"No",'Audit Log'!$O$2:$O$2001,"Valid",'Audit Log'!$O$2:$O$2001,$B$5) | D8: =TODAY()-7 | E8: =COUNTIFS('Audit Log'!$B$2:$B$2001,$D8,'Audit Log'!$F$2:$F$2001,$B$3,'Audit Log'!$S$2:$S$2001,$B$4,'Audit Log'!$T$2:$T$2001,"No",'Audit Log'!$O$2:$O$2001,$B$5) | G8: Offsite Solution (Bench / Depot Repair Service Order) | H8: =COUNTIFS('Audit Log'!$B$2:$B$2001,">="&$B$2,'Audit Log'!$F$2:$F$2001,$B$3,'Audit Log'!$S$2:$S$2001,$B$4,'Audit Log'!$T$2:$T$2001,"No",'Audit Log'!$P$2:$P$2001,$G8) | I8: =$H8+ROW()/100000 | N8: Belandres, Nica Marie Ballola | O8: =COUNTIFS('Audit Log'!$B$2:$B$2001,">="&$B$2,'Audit Log'!$F$2:$F$2001,$N8,'Audit Log'!$S$2:$S$2001,$B$4,'Audit Log'!$T$2:$T$2001,"No") | P8: =COUNTIFS('Audit Log'!$B$2:$B$2001,">="&$B$2,'Audit Log'!$F$2:$F$2001,$N8,'Audit Log'!$S$2:$S$2001,$B$4,'Audit Log'!$T$2:$T$2001,"No",'Audit Log'!$O$2:$O$2001,"Valid") | Q8: =$O8+ROW()/100000 | R8: =IFERROR($P8/$O8,0) | X8: Aceron, Ma Jovel Salvador | Y8: =COUNTIFS('Audit Log'!$B$2:$B$2001,">="&$B$2,'Audit Log'!$F$2:$F$2001,$B$3,'Audit Log'!$S$2:$S$2001,$B$4,'Audit Log'!$T$2:$T$2001,"No",'Audit Log'!$C$2:$C$2001,$X8,'Audit Log'!$O$2:$O$2001,"Invalid") | Z8: =$Y8+ROW()/100000
A9: Invalid | B9: =COUNTIFS('Audit Log'!$B$2:$B$2001,">="&$B$2,'Audit Log'!$F$2:$F$2001,$B$3,'Audit Log'!$S$2:$S$2001,$B$4,'Audit Log'!$T$2:$T$2001,"No",'Audit Log'!$O$2:$O$2001,"Invalid",'Audit Log'!$O$2:$O$2001,$B$5) | D9: =TODAY()-6 | E9: =COUNTIFS('Audit Log'!$B$2:$B$2001,$D9,'Audit Log'!$F$2:$F$2001,$B$3,'Audit Log'!$S$2:$S$2001,$B$4,'Audit Log'!$T$2:$T$2001,"No",'Audit Log'!$O$2:$O$2001,$B$5) | G9: Exchange Solution (Whole Unit Exchange Arranged) | H9: =COUNTIFS('Audit Log'!$B$2:$B$2001,">="&$B$2,'Audit Log'!$F$2:$F$2001,$B$3,'Audit Log'!$S$2:$S$2001,$B$4,'Audit Log'!$T$2:$T$2001,"No",'Audit Log'!$P$2:$P$2001,$G9) | I9: =$H9+ROW()/100000 | N9: Benedicto, Allen Kiel Lazarra | O9: =COUNTIFS('Audit Log'!$B$2:$B$2001,">="&$B$2,'Audit Log'!$F$2:$F$2001,$N9,'Audit Log'!$S$2:$S$2001,$B$4,'Audit Log'!$T$2:$T$2001,"No") | P9: =COUNTIFS('Audit Log'!$B$2:$B$2001,">="&$B$2,'Audit Log'!$F$2:$F$2001,$N9,'Audit Log'!$S$2:$S$2001,$B$4,'Audit Log'!$T$2:$T$2001,"No",'Audit Log'!$O$2:$O$2001,"Valid") | Q9: =$O9+ROW()/100000 | R9: =IFERROR($P9/$O9,0) | X9: Acuesta, Charles Gerry Stephen Logdat | Y9: =COUNTIFS('Audit Log'!$B$2:$B$2001,">="&$B$2,'Audit Log'!$F$2:$F$2001,$B$3,'Audit Log'!$S$2:$S$2001,$B$4,'Audit Log'!$T$2:$T$2001,"No",'Audit Log'!$C$2:$C$2001,$X9,'Audit Log'!$O$2:$O$2001,"Invalid") | Z9: =$Y9+ROW()/100000
B10: =IFERROR($B$9/$B$7,0) | D10: =TODAY()-5 | E10: =COUNTIFS('Audit Log'!$B$2:$B$2001,$D10,'Audit Log'!$F$2:$F$2001,$B$3,'Audit Log'!$S$2:$S$2001,$B$4,'Audit Log'!$T$2:$T$2001,"No",'Audit Log'!$O$2:$O$2001,$B$5) | G10: Onsite Solution (Break & Fix / Installation Work Order) | H10: =COUNTIFS('Audit Log'!$B$2:$B$2001,">="&$B$2,'Audit Log'!$F$2:$F$2001,$B$3,'Audit Log'!$S$2:$S$2001,$B$4,'Audit Log'!$T$2:$T$2001,"No",'Audit Log'!$P$2:$P$2001,$G10) | I10: =$H10+ROW()/100000 | N10: Blas, Jesus Jr Trinidad | O10: =COUNTIFS('Audit Log'!$B$2:$B$2001,">="&$B$2,'Audit Log'!$F$2:$F$2001,$N10,'Audit Log'!$S$2:$S$2001,$B$4,'Audit Log'!$T$2:$T$2001,"No") | P10: =COUNTIFS('Audit Log'!$B$2:$B$2001,">="&$B$2,'Audit Log'!$F$2:$F$2001,$N10,'Audit Log'!$S$2:$S$2001,$B$4,'Audit Log'!$T$2:$T$2001,"No",'Audit Log'!$O$2:$O$2001,"Valid") | Q10: =$O10+ROW()/100000 | R10: =IFERROR($P10/$O10,0) | X10: Adrales, Allen Rick Aguilar | Y10: =COUNTIFS('Audit Log'!$B$2:$B$2001,">="&$B$2,'Audit Log'!$F$2:$F$2001,$B$3,'Audit Log'!$S$2:$S$2001,$B$4,'Audit Log'!$T$2:$T$2001,"No",'Audit Log'!$C$2:$C$2001,$X10,'Audit Log'!$O$2:$O$2001,"Invalid") | Z10: =$Y10+ROW()/100000
B11: =IFERROR(TEXT(_xlfn.MAXIFS('Audit Log'!$B$2:$B$2001,'Audit Log'!$B$2:$B$2001,">="&$B$2,'Audit Log'!$F$2:$F$2001,$B$3,'Audit Log'!$S$2:$S$2001,$B$4,'Audit Log'!$T$2:$T$2001,"No",'Audit Log'!$O$2:$O$2001,$B$5),"mmm d, yyyy"),"—") | D11: =TODAY()-4 | E11: =COUNTIFS('Audit Log'!$B$2:$B$2001,$D11,'Audit Log'!$F$2:$F$2001,$B$3,'Audit Log'!$S$2:$S$2001,$B$4,'Audit Log'!$T$2:$T$2001,"No",'Audit Log'!$O$2:$O$2001,$B$5) | G11: Parts Shipped (CSR Part / RCD Media / Instant Ink PO) | H11: =COUNTIFS('Audit Log'!$B$2:$B$2001,">="&$B$2,'Audit Log'!$F$2:$F$2001,$B$3,'Audit Log'!$S$2:$S$2001,$B$4,'Audit Log'!$T$2:$T$2001,"No",'Audit Log'!$P$2:$P$2001,$G11) | I11: =$H11+ROW()/100000 | N11: Briones, Aries Ang | O11: =COUNTIFS('Audit Log'!$B$2:$B$2001,">="&$B$2,'Audit Log'!$F$2:$F$2001,$N11,'Audit Log'!$S$2:$S$2001,$B$4,'Audit Log'!$T$2:$T$2001,"No") | P11: =COUNTIFS('Audit Log'!$B$2:$B$2001,">="&$B$2,'Audit Log'!$F$2:$F$2001,$N11,'Audit Log'!$S$2:$S$2001,$B$4,'Audit Log'!$T$2:$T$2001,"No",'Audit Log'!$O$2:$O$2001,"Valid") | Q11: =$O11+ROW()/100000 | R11: =IFERROR($P11/$O11,0) | X11: Agcaoili, Angel Moraine Hinoo | Y11: =COUNTIFS('Audit Log'!$B$2:$B$2001,">="&$B$2,'Audit Log'!$F$2:$F$2001,$B$3,'Audit Log'!$S$2:$S$2001,$B$4,'Audit Log'!$T$2:$T$2001,"No",'Audit Log'!$C$2:$C$2001,$X11,'Audit Log'!$O$2:$O$2001,"Invalid") | Z11: =$Y11+ROW()/100000
D12: =TODAY()-3 | E12: =COUNTIFS('Audit Log'!$B$2:$B$2001,$D12,'Audit Log'!$F$2:$F$2001,$B$3,'Audit Log'!$S$2:$S$2001,$B$4,'Audit Log'!$T$2:$T$2001,"No",'Audit Log'!$O$2:$O$2001,$B$5) | G12: Referred - for Hardware Service (ASP / 3rd Party HW / DOA) | H12: =COUNTIFS('Audit Log'!$B$2:$B$2001,">="&$B$2,'Audit Log'!$F$2:$F$2001,$B$3,'Audit Log'!$S$2:$S$2001,$B$4,'Audit Log'!$T$2:$T$2001,"No",'Audit Log'!$P$2:$P$2001,$G12) | I12: =$H12+ROW()/100000 | N12: Chan, Caroline Cruce | O12: =COUNTIFS('Audit Log'!$B$2:$B$2001,">="&$B$2,'Audit Log'!$F$2:$F$2001,$N12,'Audit Log'!$S$2:$S$2001,$B$4,'Audit Log'!$T$2:$T$2001,"No") | P12: =COUNTIFS('Audit Log'!$B$2:$B$2001,">="&$B$2,'Audit Log'!$F$2:$F$2001,$N12,'Audit Log'!$S$2:$S$2001,$B$4,'Audit Log'!$T$2:$T$2001,"No",'Audit Log'!$O$2:$O$2001,"Valid") | Q12: =$O12+ROW()/100000 | R12: =IFERROR($P12/$O12,0) | X12: Aguas, Thea Tolentino | Y12: =COUNTIFS('Audit Log'!$B$2:$B$2001,">="&$B$2,'Audit Log'!$F$2:$F$2001,$B$3,'Audit Log'!$S$2:$S$2001,$B$4,'Audit Log'!$T$2:$T$2001,"No",'Audit Log'!$C$2:$C$2001,$X12,'Audit Log'!$O$2:$O$2001,"Invalid") | Z12: =$Y12+ROW()/100000
D13: =TODAY()-2 | E13: =COUNTIFS('Audit Log'!$B$2:$B$2001,$D13,'Audit Log'!$F$2:$F$2001,$B$3,'Audit Log'!$S$2:$S$2001,$B$4,'Audit Log'!$T$2:$T$2001,"No",'Audit Log'!$O$2:$O$2001,$B$5) | G13: Referred - for Software Support (Out of Scope / 3rd Party SW) | H13: =COUNTIFS('Audit Log'!$B$2:$B$2001,">="&$B$2,'Audit Log'!$F$2:$F$2001,$B$3,'Audit Log'!$S$2:$S$2001,$B$4,'Audit Log'!$T$2:$T$2001,"No",'Audit Log'!$P$2:$P$2001,$G13) | I13: =$H13+ROW()/100000 | N13: Cinco, Neville Dimagiba | O13: =COUNTIFS('Audit Log'!$B$2:$B$2001,">="&$B$2,'Audit Log'!$F$2:$F$2001,$N13,'Audit Log'!$S$2:$S$2001,$B$4,'Audit Log'!$T$2:$T$2001,"No") | P13: =COUNTIFS('Audit Log'!$B$2:$B$2001,">="&$B$2,'Audit Log'!$F$2:$F$2001,$N13,'Audit Log'!$S$2:$S$2001,$B$4,'Audit Log'!$T$2:$T$2001,"No",'Audit Log'!$O$2:$O$2001,"Valid") | Q13: =$O13+ROW()/100000 | R13: =IFERROR($P13/$O13,0) | X13: Aguto, Luke Matthew Mariano | Y13: =COUNTIFS('Audit Log'!$B$2:$B$2001,">="&$B$2,'Audit Log'!$F$2:$F$2001,$B$3,'Audit Log'!$S$2:$S$2001,$B$4,'Audit Log'!$T$2:$T$2001,"No",'Audit Log'!$C$2:$C$2001,$X13,'Audit Log'!$O$2:$O$2001,"Invalid") | Z13: =$Y13+ROW()/100000
D14: =TODAY()-1 | E14: =COUNTIFS('Audit Log'!$B$2:$B$2001,$D14,'Audit Log'!$F$2:$F$2001,$B$3,'Audit Log'!$S$2:$S$2001,$B$4,'Audit Log'!$T$2:$T$2001,"No",'Audit Log'!$O$2:$O$2001,$B$5) | G14: Unresolved - Not Entitled for Support | H14: =COUNTIFS('Audit Log'!$B$2:$B$2001,">="&$B$2,'Audit Log'!$F$2:$F$2001,$B$3,'Audit Log'!$S$2:$S$2001,$B$4,'Audit Log'!$T$2:$T$2001,"No",'Audit Log'!$P$2:$P$2001,$G14) | I14: =$H14+ROW()/100000 | N14: De Guzman, Gabriel Rodrigo | O14: =COUNTIFS('Audit Log'!$B$2:$B$2001,">="&$B$2,'Audit Log'!$F$2:$F$2001,$N14,'Audit Log'!$S$2:$S$2001,$B$4,'Audit Log'!$T$2:$T$2001,"No") | P14: =COUNTIFS('Audit Log'!$B$2:$B$2001,">="&$B$2,'Audit Log'!$F$2:$F$2001,$N14,'Audit Log'!$S$2:$S$2001,$B$4,'Audit Log'!$T$2:$T$2001,"No",'Audit Log'!$O$2:$O$2001,"Valid") | Q14: =$O14+ROW()/100000 | R14: =IFERROR($P14/$O14,0) | X14: Ajose, Ferd Mark Cristobal | Y14: =COUNTIFS('Audit Log'!$B$2:$B$2001,">="&$B$2,'Audit Log'!$F$2:$F$2001,$B$3,'Audit Log'!$S$2:$S$2001,$B$4,'Audit Log'!$T$2:$T$2001,"No",'Audit Log'!$C$2:$C$2001,$X14,'Audit Log'!$O$2:$O$2001,"Invalid") | Z14: =$Y14+ROW()/100000
D15: =TODAY()-0 | E15: =COUNTIFS('Audit Log'!$B$2:$B$2001,$D15,'Audit Log'!$F$2:$F$2001,$B$3,'Audit Log'!$S$2:$S$2001,$B$4,'Audit Log'!$T$2:$T$2001,"No",'Audit Log'!$O$2:$O$2001,$B$5) | N15: Dela Fuente, Erick John Palomo | O15: =COUNTIFS('Audit Log'!$B$2:$B$2001,">="&$B$2,'Audit Log'!$F$2:$F$2001,$N15,'Audit Log'!$S$2:$S$2001,$B$4,'Audit Log'!$T$2:$T$2001,"No") | P15: =COUNTIFS('Audit Log'!$B$2:$B$2001,">="&$B$2,'Audit Log'!$F$2:$F$2001,$N15,'Audit Log'!$S$2:$S$2001,$B$4,'Audit Log'!$T$2:$T$2001,"No",'Audit Log'!$O$2:$O$2001,"Valid") | Q15: =$O15+ROW()/100000 | R15: =IFERROR($P15/$O15,0) | X15: Albios, Art Christopher Salinas | Y15: =COUNTIFS('Audit Log'!$B$2:$B$2001,">="&$B$2,'Audit Log'!$F$2:$F$2001,$B$3,'Audit Log'!$S$2:$S$2001,$B$4,'Audit Log'!$T$2:$T$2001,"No",'Audit Log'!$C$2:$C$2001,$X15,'Audit Log'!$O$2:$O$2001,"Invalid") | Z15: =$Y15+ROW()/100000
N16: Ebuenga, Sheryll Avellaneda | O16: =COUNTIFS('Audit Log'!$B$2:$B$2001,">="&$B$2,'Audit Log'!$F$2:$F$2001,$N16,'Audit Log'!$S$2:$S$2001,$B$4,'Audit Log'!$T$2:$T$2001,"No") | P16: =COUNTIFS('Audit Log'!$B$2:$B$2001,">="&$B$2,'Audit Log'!$F$2:$F$2001,$N16,'Audit Log'!$S$2:$S$2001,$B$4,'Audit Log'!$T$2:$T$2001,"No",'Audit Log'!$O$2:$O$2001,"Valid") | Q16: =$O16+ROW()/100000 | R16: =IFERROR($P16/$O16,0) | X16: Alcancia, Jaycel Giron | Y16: =COUNTIFS('Audit Log'!$B$2:$B$2001,">="&$B$2,'Audit Log'!$F$2:$F$2001,$B$3,'Audit Log'!$S$2:$S$2001,$B$4,'Audit Log'!$T$2:$T$2001,"No",'Audit Log'!$C$2:$C$2001,$X16,'Audit Log'!$O$2:$O$2001,"Invalid") | Z16: =$Y16+ROW()/100000
N17: Ferrer, Jasper Kenneth Labor | O17: =COUNTIFS('Audit Log'!$B$2:$B$2001,">="&$B$2,'Audit Log'!$F$2:$F$2001,$N17,'Audit Log'!$S$2:$S$2001,$B$4,'Audit Log'!$T$2:$T$2001,"No") | P17: =COUNTIFS('Audit Log'!$B$2:$B$2001,">="&$B$2,'Audit Log'!$F$2:$F$2001,$N17,'Audit Log'!$S$2:$S$2001,$B$4,'Audit Log'!$T$2:$T$2001,"No",'Audit Log'!$O$2:$O$2001,"Valid") | Q17: =$O17+ROW()/100000 | R17: =IFERROR($P17/$O17,0) | X17: Aldea, Arthel Jane Donasco | Y17: =COUNTIFS('Audit Log'!$B$2:$B$2001,">="&$B$2,'Audit Log'!$F$2:$F$2001,$B$3,'Audit Log'!$S$2:$S$2001,$B$4,'Audit Log'!$T$2:$T$2001,"No",'Audit Log'!$C$2:$C$2001,$X17,'Audit Log'!$O$2:$O$2001,"Invalid") | Z17: =$Y17+ROW()/100000
N18: Galope, Danri Catacutan | O18: =COUNTIFS('Audit Log'!$B$2:$B$2001,">="&$B$2,'Audit Log'!$F$2:$F$2001,$N18,'Audit Log'!$S$2:$S$2001,$B$4,'Audit Log'!$T$2:$T$2001,"No") | P18: =COUNTIFS('Audit Log'!$B$2:$B$2001,">="&$B$2,'Audit Log'!$F$2:$F$2001,$N18,'Audit Log'!$S$2:$S$2001,$B$4,'Audit Log'!$T$2:$T$2001,"No",'Audit Log'!$O$2:$O$2001,"Valid") | Q18: =$O18+ROW()/100000 | R18: =IFERROR($P18/$O18,0) | X18: Alestre, Jolina Balde | Y18: =COUNTIFS('Audit Log'!$B$2:$B$2001,">="&$B$2,'Audit Log'!$F$2:$F$2001,$B$3,'Audit Log'!$S$2:$S$2001,$B$4,'Audit Log'!$T$2:$T$2001,"No",'Audit Log'!$C$2:$C$2001,$X18,'Audit Log'!$O$2:$O$2001,"Invalid") | Z18: =$Y18+ROW()/100000
N19: Hije, Bernadeth Rosales | O19: =COUNTIFS('Audit Log'!$B$2:$B$2001,">="&$B$2,'Audit Log'!$F$2:$F$2001,$N19,'Audit Log'!$S$2:$S$2001,$B$4,'Audit Log'!$T$2:$T$2001,"No") | P19: =COUNTIFS('Audit Log'!$B$2:$B$2001,">="&$B$2,'Audit Log'!$F$2:$F$2001,$N19,'Audit Log'!$S$2:$S$2001,$B$4,'Audit Log'!$T$2:$T$2001,"No",'Audit Log'!$O$2:$O$2001,"Valid") | Q19: =$O19+ROW()/100000 | R19: =IFERROR($P19/$O19,0) | X19: Alinday, Shiela Marie Altabano | Y19: =COUNTIFS('Audit Log'!$B$2:$B$2001,">="&$B$2,'Audit Log'!$F$2:$F$2001,$B$3,'Audit Log'!$S$2:$S$2001,$B$4,'Audit Log'!$T$2:$T$2001,"No",'Audit Log'!$C$2:$C$2001,$X19,'Audit Log'!$O$2:$O$2001,"Invalid") | Z19: =$Y19+ROW()/100000
N20: Imran Shaikh | O20: =COUNTIFS('Audit Log'!$B$2:$B$2001,">="&$B$2,'Audit Log'!$F$2:$F$2001,$N20,'Audit Log'!$S$2:$S$2001,$B$4,'Audit Log'!$T$2:$T$2001,"No") | P20: =COUNTIFS('Audit Log'!$B$2:$B$2001,">="&$B$2,'Audit Log'!$F$2:$F$2001,$N20,'Audit Log'!$S$2:$S$2001,$B$4,'Audit Log'!$T$2:$T$2001,"No",'Audit Log'!$O$2:$O$2001,"Valid") | Q20: =$O20+ROW()/100000 | R20: =IFERROR($P20/$O20,0) | X20: Almiñe, Jaypee Maniquiz | Y20: =COUNTIFS('Audit Log'!$B$2:$B$2001,">="&$B$2,'Audit Log'!$F$2:$F$2001,$B$3,'Audit Log'!$S$2:$S$2001,$B$4,'Audit Log'!$T$2:$T$2001,"No",'Audit Log'!$C$2:$C$2001,$X20,'Audit Log'!$O$2:$O$2001,"Invalid") | Z20: =$Y20+ROW()/100000
N21: Lazaro, Paolo Dennis Hidalgo | O21: =COUNTIFS('Audit Log'!$B$2:$B$2001,">="&$B$2,'Audit Log'!$F$2:$F$2001,$N21,'Audit Log'!$S$2:$S$2001,$B$4,'Audit Log'!$T$2:$T$2001,"No") | P21: =COUNTIFS('Audit Log'!$B$2:$B$2001,">="&$B$2,'Audit Log'!$F$2:$F$2001,$N21,'Audit Log'!$S$2:$S$2001,$B$4,'Audit Log'!$T$2:$T$2001,"No",'Audit Log'!$O$2:$O$2001,"Valid") | Q21: =$O21+ROW()/100000 | R21: =IFERROR($P21/$O21,0) | X21: Almodiel, Shaileen Eduarte | Y21: =COUNTIFS('Audit Log'!$B$2:$B$2001,">="&$B$2,'Audit Log'!$F$2:$F$2001,$B$3,'Audit Log'!$S$2:$S$2001,$B$4,'Audit Log'!$T$2:$T$2001,"No",'Audit Log'!$C$2:$C$2001,$X21,'Audit Log'!$O$2:$O$2001,"Invalid") | Z21: =$Y21+ROW()/100000
N22: Leonardo, Kristine Joy Sigalat | O22: =COUNTIFS('Audit Log'!$B$2:$B$2001,">="&$B$2,'Audit Log'!$F$2:$F$2001,$N22,'Audit Log'!$S$2:$S$2001,$B$4,'Audit Log'!$T$2:$T$2001,"No") | P22: =COUNTIFS('Audit Log'!$B$2:$B$2001,">="&$B$2,'Audit Log'!$F$2:$F$2001,$N22,'Audit Log'!$S$2:$S$2001,$B$4,'Audit Log'!$T$2:$T$2001,"No",'Audit Log'!$O$2:$O$2001,"Valid") | Q22: =$O22+ROW()/100000 | R22: =IFERROR($P22/$O22,0) | X22: Aluning, Alain-Angelo Cangco | Y22: =COUNTIFS('Audit Log'!$B$2:$B$2001,">="&$B$2,'Audit Log'!$F$2:$F$2001,$B$3,'Audit Log'!$S$2:$S$2001,$B$4,'Audit Log'!$T$2:$T$2001,"No",'Audit Log'!$C$2:$C$2001,$X22,'Audit Log'!$O$2:$O$2001,"Invalid") | Z22: =$Y22+ROW()/100000
N23: Lungcay, Robin Landayan | O23: =COUNTIFS('Audit Log'!$B$2:$B$2001,">="&$B$2,'Audit Log'!$F$2:$F$2001,$N23,'Audit Log'!$S$2:$S$2001,$B$4,'Audit Log'!$T$2:$T$2001,"No") | P23: =COUNTIFS('Audit Log'!$B$2:$B$2001,">="&$B$2,'Audit Log'!$F$2:$F$2001,$N23,'Audit Log'!$S$2:$S$2001,$B$4,'Audit Log'!$T$2:$T$2001,"No",'Audit Log'!$O$2:$O$2001,"Valid") | Q23: =$O23+ROW()/100000 | R23: =IFERROR($P23/$O23,0) | X23: Alvarez, Wenerick Francisco | Y23: =COUNTIFS('Audit Log'!$B$2:$B$2001,">="&$B$2,'Audit Log'!$F$2:$F$2001,$B$3,'Audit Log'!$S$2:$S$2001,$B$4,'Audit Log'!$T$2:$T$2001,"No",'Audit Log'!$C$2:$C$2001,$X23,'Audit Log'!$O$2:$O$2001,"Invalid") | Z23: =$Y23+ROW()/100000
N24: Luñiza, Jona Claveria | O24: =COUNTIFS('Audit Log'!$B$2:$B$2001,">="&$B$2,'Audit Log'!$F$2:$F$2001,$N24,'Audit Log'!$S$2:$S$2001,$B$4,'Audit Log'!$T$2:$T$2001,"No") | P24: =COUNTIFS('Audit Log'!$B$2:$B$2001,">="&$B$2,'Audit Log'!$F$2:$F$2001,$N24,'Audit Log'!$S$2:$S$2001,$B$4,'Audit Log'!$T$2:$T$2001,"No",'Audit Log'!$O$2:$O$2001,"Valid") | Q24: =$O24+ROW()/100000 | R24: =IFERROR($P24/$O24,0) | X24: Amboyon, Julieta Mata | Y24: =COUNTIFS('Audit Log'!$B$2:$B$2001,">="&$B$2,'Audit Log'!$F$2:$F$2001,$B$3,'Audit Log'!$S$2:$S$2001,$B$4,'Audit Log'!$T$2:$T$2001,"No",'Audit Log'!$C$2:$C$2001,$X24,'Audit Log'!$O$2:$O$2001,"Invalid") | Z24: =$Y24+ROW()/100000
N25: Medel, Lorelei Gabriel | O25: =COUNTIFS('Audit Log'!$B$2:$B$2001,">="&$B$2,'Audit Log'!$F$2:$F$2001,$N25,'Audit Log'!$S$2:$S$2001,$B$4,'Audit Log'!$T$2:$T$2001,"No") | P25: =COUNTIFS('Audit Log'!$B$2:$B$2001,">="&$B$2,'Audit Log'!$F$2:$F$2001,$N25,'Audit Log'!$S$2:$S$2001,$B$4,'Audit Log'!$T$2:$T$2001,"No",'Audit Log'!$O$2:$O$2001,"Valid") | Q25: =$O25+ROW()/100000 | R25: =IFERROR($P25/$O25,0) | X25: Andrecoso, April Melody Sunga | Y25: =COUNTIFS('Audit Log'!$B$2:$B$2001,">="&$B$2,'Audit Log'!$F$2:$F$2001,$B$3,'Audit Log'!$S$2:$S$2001,$B$4,'Audit Log'!$T$2:$T$2001,"No",'Audit Log'!$C$2:$C$2001,$X25,'Audit Log'!$O$2:$O$2001,"Invalid") | Z25: =$Y25+ROW()/100000
N26: Napone, Jerome Budlao | O26: =COUNTIFS('Audit Log'!$B$2:$B$2001,">="&$B$2,'Audit Log'!$F$2:$F$2001,$N26,'Audit Log'!$S$2:$S$2001,$B$4,'Audit Log'!$T$2:$T$2001,"No") | P26: =COUNTIFS('Audit Log'!$B$2:$B$2001,">="&$B$2,'Audit Log'!$F$2:$F$2001,$N26,'Audit Log'!$S$2:$S$2001,$B$4,'Audit Log'!$T$2:$T$2001,"No",'Audit Log'!$O$2:$O$2001,"Valid") | Q26: =$O26+ROW()/100000 | R26: =IFERROR($P26/$O26,0) | X26: Anilado, Ellen Sunga | Y26: =COUNTIFS('Audit Log'!$B$2:$B$2001,">="&$B$2,'Audit Log'!$F$2:$F$2001,$B$3,'Audit Log'!$S$2:$S$2001,$B$4,'Audit Log'!$T$2:$T$2001,"No",'Audit Log'!$C$2:$C$2001,$X26,'Audit Log'!$O$2:$O$2001,"Invalid") | Z26: =$Y26+ROW()/100000
N27: Nito, Reynaldo Tribol | O27: =COUNTIFS('Audit Log'!$B$2:$B$2001,">="&$B$2,'Audit Log'!$F$2:$F$2001,$N27,'Audit Log'!$S$2:$S$2001,$B$4,'Audit Log'!$T$2:$T$2001,"No") | P27: =COUNTIFS('Audit Log'!$B$2:$B$2001,">="&$B$2,'Audit Log'!$F$2:$F$2001,$N27,'Audit Log'!$S$2:$S$2001,$B$4,'Audit Log'!$T$2:$T$2001,"No",'Audit Log'!$O$2:$O$2001,"Valid") | Q27: =$O27+ROW()/100000 | R27: =IFERROR($P27/$O27,0) | X27: Antonio, Jeric Camillan | Y27: =COUNTIFS('Audit Log'!$B$2:$B$2001,">="&$B$2,'Audit Log'!$F$2:$F$2001,$B$3,'Audit Log'!$S$2:$S$2001,$B$4,'Audit Log'!$T$2:$T$2001,"No",'Audit Log'!$C$2:$C$2001,$X27,'Audit Log'!$O$2:$O$2001,"Invalid") | Z27: =$Y27+ROW()/100000
... N40: Vedia, Jerson Reyes | O40: =COUNTIFS('Audit Log'!$B$2:$B$2001,">="&$B$2,'Audit Log'!$F$2:$F$2001,$N40,'Audit Log'!$S$2:$S$2001,$B$4,'Audit Log'!$T$2:$T$2001,"No") | P40: =COUNTIFS('Audit Log'!$B$2:$B$2001,">="&$B$2,'Audit Log'!$F$2:$F$2001,$N40,'Audit Log'!$S$2:$S$2001,$B$4,'Audit Log'!$T$2:$T$2001,"No",'Audit Log'!$O$2:$O$2001,"Valid") | Q40: =$O40+ROW()/100000 | R40: =IFERROR($P40/$O40,0) | X40: Awitan, Jane Arimado | Y40: =COUNTIFS('Audit Log'!$B$2:$B$2001,">="&$B$2,'Audit Log'!$F$2:$F$2001,$B$3,'Audit Log'!$S$2:$S$2001,$B$4,'Audit Log'!$T$2:$T$2001,"No",'Audit Log'!$C$2:$C$2001,$X40,'Audit Log'!$O$2:$O$2001,"Invalid") | Z40: =$Y40+ROW()/100000
X41: Baguino, Ariel Forbes | Y41: =COUNTIFS('Audit Log'!$B$2:$B$2001,">="&$B$2,'Audit Log'!$F$2:$F$2001,$B$3,'Audit Log'!$S$2:$S$2001,$B$4,'Audit Log'!$T$2:$T$2001,"No",'Audit Log'!$C$2:$C$2001,$X41,'Audit Log'!$O$2:$O$2001,"Invalid") | Z41: =$Y41+ROW()/100000
X42: Balingit, Judy Ann Getubig | Y42: =COUNTIFS('Audit Log'!$B$2:$B$2001,">="&$B$2,'Audit Log'!$F$2:$F$2001,$B$3,'Audit Log'!$S$2:$S$2001,$B$4,'Audit Log'!$T$2:$T$2001,"No",'Audit Log'!$C$2:$C$2001,$X42,'Audit Log'!$O$2:$O$2001,"Invalid") | Z42: =$Y42+ROW()/100000
X43: Balles, Reymund Esquivel | Y43: =COUNTIFS('Audit Log'!$B$2:$B$2001,">="&$B$2,'Audit Log'!$F$2:$F$2001,$B$3,'Audit Log'!$S$2:$S$2001,$B$4,'Audit Log'!$T$2:$T$2001,"No",'Audit Log'!$C$2:$C$2001,$X43,'Audit Log'!$O$2:$O$2001,"Invalid") | Z43: =$Y43+ROW()/100000
X44: Baloco, Paula Bianca Villarante | Y44: =COUNTIFS('Audit Log'!$B$2:$B$2001,">="&$B$2,'Audit Log'!$F$2:$F$2001,$B$3,'Audit Log'!$S$2:$S$2001,$B$4,'Audit Log'!$T$2:$T$2001,"No",'Audit Log'!$C$2:$C$2001,$X44,'Audit Log'!$O$2:$O$2001,"Invalid") | Z44: =$Y44+ROW()/100000
X45: Baltazar, Ryan Casey Lansangan | Y45: =COUNTIFS('Audit Log'!$B$2:$B$2001,">="&$B$2,'Audit Log'!$F$2:$F$2001,$B$3,'Audit Log'!$S$2:$S$2001,$B$4,'Audit Log'!$T$2:$T$2001,"No",'Audit Log'!$C$2:$C$2001,$X45,'Audit Log'!$O$2:$O$2001,"Invalid") | Z45: =$Y45+ROW()/100000
X46: Basbas, Lea Mai Lado | Y46: =COUNTIFS('Audit Log'!$B$2:$B$2001,">="&$B$2,'Audit Log'!$F$2:$F$2001,$B$3,'Audit Log'!$S$2:$S$2001,$B$4,'Audit Log'!$T$2:$T$2001,"No",'Audit Log'!$C$2:$C$2001,$X46,'Audit Log'!$O$2:$O$2001,"Invalid") | Z46: =$Y46+ROW()/100000
X47: Batimana, Randy Pardilla | Y47: =COUNTIFS('Audit Log'!$B$2:$B$2001,">="&$B$2,'Audit Log'!$F$2:$F$2001,$B$3,'Audit Log'!$S$2:$S$2001,$B$4,'Audit Log'!$T$2:$T$2001,"No",'Audit Log'!$C$2:$C$2001,$X47,'Audit Log'!$O$2:$O$2001,"Invalid") | Z47: =$Y47+ROW()/100000
X48: Bautista, Allan Joseph Sanchez | Y48: =COUNTIFS('Audit Log'!$B$2:$B$2001,">="&$B$2,'Audit Log'!$F$2:$F$2001,$B$3,'Audit Log'!$S$2:$S$2001,$B$4,'Audit Log'!$T$2:$T$2001,"No",'Audit Log'!$C$2:$C$2001,$X48,'Audit Log'!$O$2:$O$2001,"Invalid") | Z48: =$Y48+ROW()/100000
X49: Bautista, Arvie Aggabao | Y49: =COUNTIFS('Audit Log'!$B$2:$B$2001,">="&$B$2,'Audit Log'!$F$2:$F$2001,$B$3,'Audit Log'!$S$2:$S$2001,$B$4,'Audit Log'!$T$2:$T$2001,"No",'Audit Log'!$C$2:$C$2001,$X49,'Audit Log'!$O$2:$O$2001,"Invalid") | Z49: =$Y49+ROW()/100000
X50: Baya, Cindy Diaz | Y50: =COUNTIFS('Audit Log'!$B$2:$B$2001,">="&$B$2,'Audit Log'!$F$2:$F$2001,$B$3,'Audit Log'!$S$2:$S$2001,$B$4,'Audit Log'!$T$2:$T$2001,"No",'Audit Log'!$C$2:$C$2001,$X50,'Audit Log'!$O$2:$O$2001,"Invalid") | Z50: =$Y50+ROW()/100000
X51: Bayson, Johnnella Faith Baluco | Y51: =COUNTIFS('Audit Log'!$B$2:$B$2001,">="&$B$2,'Audit Log'!$F$2:$F$2001,$B$3,'Audit Log'!$S$2:$S$2001,$B$4,'Audit Log'!$T$2:$T$2001,"No",'Audit Log'!$C$2:$C$2001,$X51,'Audit Log'!$O$2:$O$2001,"Invalid") | Z51: =$Y51+ROW()/100000
X52: Belandres, Nica Marie Ballola | Y52: =COUNTIFS('Audit Log'!$B$2:$B$2001,">="&$B$2,'Audit Log'!$F$2:$F$2001,$B$3,'Audit Log'!$S$2:$S$2001,$B$4,'Audit Log'!$T$2:$T$2001,"No",'Audit Log'!$C$2:$C$2001,$X52,'Audit Log'!$O$2:$O$2001,"Invalid") | Z52: =$Y52+ROW()/100000
... X465: Zafra, June Darelle Singson | Y465: =COUNTIFS('Audit Log'!$B$2:$B$2001,">="&$B$2,'Audit Log'!$F$2:$F$2001,$B$3,'Audit Log'!$S$2:$S$2001,$B$4,'Audit Log'!$T$2:$T$2001,"No",'Audit Log'!$C$2:$C$2001,$X465,'Audit Log'!$O$2:$O$2001,"Invalid") | Z465: =$Y465+ROW()/100000

Sheet CalcQC
A1: filter engine | D1: day | E1: audits | G1: invalid reason | H1: defects | I1: rank helper | K1: top code | L1: defects | N1: TL | O1: audits | P1: valid | Q1: rank | R1: pass | T1: top TL | U1: audits | V1: pass % | X1: agent | Y1: defects | Z1: rank | AB1: top agent | AC1: defects
A2: startDate | B2: =IF('Quick Case Dashboard'!$C$2="All Time",0,IF('Quick Case Dashboard'!$C$2="Today",TODAY(),IF('Quick Case Dashboard'!$C$2="Last 7 Days",TODAY()-6,IF('Quick Case Dashboard'!$C$2="Last 14 Days",TODAY()-13,IF('Quick Case Dashboard'!$C$2="Last 30 Days",TODAY()-29,DATE(YEAR(TODAY()),MONTH(TODAY()),1)))))) | D2: =TODAY()-13 | E2: =COUNTIFS('Audit Log'!$B$2:$B$2001,$D2,'Audit Log'!$F$2:$F$2001,$B$3,'Audit Log'!$S$2:$S$2001,$B$4,'Audit Log'!$T$2:$T$2001,"Yes",'Audit Log'!$O$2:$O$2001,$B$5) | G2: Quick Case (Invalid) | H2: =COUNTIFS('Audit Log'!$B$2:$B$2001,">="&$B$2,'Audit Log'!$F$2:$F$2001,$B$3,'Audit Log'!$S$2:$S$2001,$B$4,'Audit Log'!$T$2:$T$2001,"Yes",'Audit Log'!$P$2:$P$2001,$G2) | I2: =$H2+ROW()/100000 | K2: =IFERROR(INDEX($G$2:$G$14,MATCH(LARGE($I$2:$I$14,1),$I$2:$I$14,0)),"") | L2: =IFERROR(INT(LARGE($I$2:$I$14,1)),0) | N2: Adrales, Allen Rick Aguilar | O2: =COUNTIFS('Audit Log'!$B$2:$B$2001,">="&$B$2,'Audit Log'!$F$2:$F$2001,$N2,'Audit Log'!$S$2:$S$2001,$B$4,'Audit Log'!$T$2:$T$2001,"Yes") | P2: =COUNTIFS('Audit Log'!$B$2:$B$2001,">="&$B$2,'Audit Log'!$F$2:$F$2001,$N2,'Audit Log'!$S$2:$S$2001,$B$4,'Audit Log'!$T$2:$T$2001,"Yes",'Audit Log'!$O$2:$O$2001,"Valid") | Q2: =$O2+ROW()/100000 | R2: =IFERROR($P2/$O2,0) | T2: =IFERROR(INDEX($N$2:$N$40,MATCH(LARGE($Q$2:$Q$40,1),$Q$2:$Q$40,0)),"") | U2: =IFERROR(INT(LARGE($Q$2:$Q$40,1)),0) | V2: =IFERROR(INDEX($R$2:$R$40,MATCH(LARGE($Q$2:$Q$40,1),$Q$2:$Q$40,0)),0) | X2: Abad, Roberto Jr Marquez | Y2: =COUNTIFS('Audit Log'!$B$2:$B$2001,">="&$B$2,'Audit Log'!$F$2:$F$2001,$B$3,'Audit Log'!$S$2:$S$2001,$B$4,'Audit Log'!$T$2:$T$2001,"Yes",'Audit Log'!$C$2:$C$2001,$X2,'Audit Log'!$O$2:$O$2001,"Invalid") | Z2: =$Y2+ROW()/100000 | AB2: =IFERROR(INDEX($X$2:$X$465,MATCH(LARGE($Z$2:$Z$465,1),$Z$2:$Z$465,0)),"") | AC2: =IFERROR(INT(LARGE($Z$2:$Z$465,1)),0)
A3: tlCrit | B3: =IF('Quick Case Dashboard'!$E$2="All Team Leaders","*",'Quick Case Dashboard'!$E$2) | D3: =TODAY()-12 | E3: =COUNTIFS('Audit Log'!$B$2:$B$2001,$D3,'Audit Log'!$F$2:$F$2001,$B$3,'Audit Log'!$S$2:$S$2001,$B$4,'Audit Log'!$T$2:$T$2001,"Yes",'Audit Log'!$O$2:$O$2001,$B$5) | G3: No Support Provided (Security Stop/Hold / Global Trade Fail) | H3: =COUNTIFS('Audit Log'!$B$2:$B$2001,">="&$B$2,'Audit Log'!$F$2:$F$2001,$B$3,'Audit Log'!$S$2:$S$2001,$B$4,'Audit Log'!$T$2:$T$2001,"Yes",'Audit Log'!$P$2:$P$2001,$G3) | I3: =$H3+ROW()/100000 | K3: =IFERROR(INDEX($G$2:$G$14,MATCH(LARGE($I$2:$I$14,2),$I$2:$I$14,0)),"") | L3: =IFERROR(INT(LARGE($I$2:$I$14,2)),0) | N3: Agustin, Alexander Veloso | O3: =COUNTIFS('Audit Log'!$B$2:$B$2001,">="&$B$2,'Audit Log'!$F$2:$F$2001,$N3,'Audit Log'!$S$2:$S$2001,$B$4,'Audit Log'!$T$2:$T$2001,"Yes") | P3: =COUNTIFS('Audit Log'!$B$2:$B$2001,">="&$B$2,'Audit Log'!$F$2:$F$2001,$N3,'Audit Log'!$S$2:$S$2001,$B$4,'Audit Log'!$T$2:$T$2001,"Yes",'Audit Log'!$O$2:$O$2001,"Valid") | Q3: =$O3+ROW()/100000 | R3: =IFERROR($P3/$O3,0) | T3: =IFERROR(INDEX($N$2:$N$40,MATCH(LARGE($Q$2:$Q$40,2),$Q$2:$Q$40,0)),"") | U3: =IFERROR(INT(LARGE($Q$2:$Q$40,2)),0) | V3: =IFERROR(INDEX($R$2:$R$40,MATCH(LARGE($Q$2:$Q$40,2),$Q$2:$Q$40,0)),0) | X3: Abadilla, Paul Justin Aleguiojo | Y3: =COUNTIFS('Audit Log'!$B$2:$B$2001,">="&$B$2,'Audit Log'!$F$2:$F$2001,$B$3,'Audit Log'!$S$2:$S$2001,$B$4,'Audit Log'!$T$2:$T$2001,"Yes",'Audit Log'!$C$2:$C$2001,$X3,'Audit Log'!$O$2:$O$2001,"Invalid") | Z3: =$Y3+ROW()/100000 | AB3: =IFERROR(INDEX($X$2:$X$465,MATCH(LARGE($Z$2:$Z$465,2),$Z$2:$Z$465,0)),"") | AC3: =IFERROR(INT(LARGE($Z$2:$Z$465,2)),0)
A4: auditorCrit | B4: =IF('Quick Case Dashboard'!$G$2="All Auditors","*",'Quick Case Dashboard'!$G$2) | D4: =TODAY()-11 | E4: =COUNTIFS('Audit Log'!$B$2:$B$2001,$D4,'Audit Log'!$F$2:$F$2001,$B$3,'Audit Log'!$S$2:$S$2001,$B$4,'Audit Log'!$T$2:$T$2001,"Yes",'Audit Log'!$O$2:$O$2001,$B$5) | G4: Cancel Per Customer / No Contact (CPC/NC) | H4: =COUNTIFS('Audit Log'!$B$2:$B$2001,">="&$B$2,'Audit Log'!$F$2:$F$2001,$B$3,'Audit Log'!$S$2:$S$2001,$B$4,'Audit Log'!$T$2:$T$2001,"Yes",'Audit Log'!$P$2:$P$2001,$G4) | I4: =$H4+ROW()/100000 | K4: =IFERROR(INDEX($G$2:$G$14,MATCH(LARGE($I$2:$I$14,3),$I$2:$I$14,0)),"") | L4: =IFERROR(INT(LARGE($I$2:$I$14,3)),0) | N4: Aluning, Alain-Angelo Cangco | O4: =COUNTIFS('Audit Log'!$B$2:$B$2001,">="&$B$2,'Audit Log'!$F$2:$F$2001,$N4,'Audit Log'!$S$2:$S$2001,$B$4,'Audit Log'!$T$2:$T$2001,"Yes") | P4: =COUNTIFS('Audit Log'!$B$2:$B$2001,">="&$B$2,'Audit Log'!$F$2:$F$2001,$N4,'Audit Log'!$S$2:$S$2001,$B$4,'Audit Log'!$T$2:$T$2001,"Yes",'Audit Log'!$O$2:$O$2001,"Valid") | Q4: =$O4+ROW()/100000 | R4: =IFERROR($P4/$O4,0) | T4: =IFERROR(INDEX($N$2:$N$40,MATCH(LARGE($Q$2:$Q$40,3),$Q$2:$Q$40,0)),"") | U4: =IFERROR(INT(LARGE($Q$2:$Q$40,3)),0) | V4: =IFERROR(INDEX($R$2:$R$40,MATCH(LARGE($Q$2:$Q$40,3),$Q$2:$Q$40,0)),0) | X4: Abella, Asianicole Cuambot | Y4: =COUNTIFS('Audit Log'!$B$2:$B$2001,">="&$B$2,'Audit Log'!$F$2:$F$2001,$B$3,'Audit Log'!$S$2:$S$2001,$B$4,'Audit Log'!$T$2:$T$2001,"Yes",'Audit Log'!$C$2:$C$2001,$X4,'Audit Log'!$O$2:$O$2001,"Invalid") | Z4: =$Y4+ROW()/100000 | AB4: =IFERROR(INDEX($X$2:$X$465,MATCH(LARGE($Z$2:$Z$465,3),$Z$2:$Z$465,0)),"") | AC4: =IFERROR(INT(LARGE($Z$2:$Z$465,3)),0)
A5: valCrit | B5: =IF('Quick Case Dashboard'!$I$2="All Statuses","*",'Quick Case Dashboard'!$I$2) | D5: =TODAY()-10 | E5: =COUNTIFS('Audit Log'!$B$2:$B$2001,$D5,'Audit Log'!$F$2:$F$2001,$B$3,'Audit Log'!$S$2:$S$2001,$B$4,'Audit Log'!$T$2:$T$2001,"Yes",'Audit Log'!$O$2:$O$2001,$B$5) | G5: Case Voided (Test Case / Duplicate / Created by Mistake) | H5: =COUNTIFS('Audit Log'!$B$2:$B$2001,">="&$B$2,'Audit Log'!$F$2:$F$2001,$B$3,'Audit Log'!$S$2:$S$2001,$B$4,'Audit Log'!$T$2:$T$2001,"Yes",'Audit Log'!$P$2:$P$2001,$G5) | I5: =$H5+ROW()/100000 | K5: =IFERROR(INDEX($G$2:$G$14,MATCH(LARGE($I$2:$I$14,4),$I$2:$I$14,0)),"") | L5: =IFERROR(INT(LARGE($I$2:$I$14,4)),0) | N5: Andrecoso, April Melody Sunga | O5: =COUNTIFS('Audit Log'!$B$2:$B$2001,">="&$B$2,'Audit Log'!$F$2:$F$2001,$N5,'Audit Log'!$S$2:$S$2001,$B$4,'Audit Log'!$T$2:$T$2001,"Yes") | P5: =COUNTIFS('Audit Log'!$B$2:$B$2001,">="&$B$2,'Audit Log'!$F$2:$F$2001,$N5,'Audit Log'!$S$2:$S$2001,$B$4,'Audit Log'!$T$2:$T$2001,"Yes",'Audit Log'!$O$2:$O$2001,"Valid") | Q5: =$O5+ROW()/100000 | R5: =IFERROR($P5/$O5,0) | T5: =IFERROR(INDEX($N$2:$N$40,MATCH(LARGE($Q$2:$Q$40,4),$Q$2:$Q$40,0)),"") | U5: =IFERROR(INT(LARGE($Q$2:$Q$40,4)),0) | V5: =IFERROR(INDEX($R$2:$R$40,MATCH(LARGE($Q$2:$Q$40,4),$Q$2:$Q$40,0)),0) | X5: Abella, Ma. Divina Centino | Y5: =COUNTIFS('Audit Log'!$B$2:$B$2001,">="&$B$2,'Audit Log'!$F$2:$F$2001,$B$3,'Audit Log'!$S$2:$S$2001,$B$4,'Audit Log'!$T$2:$T$2001,"Yes",'Audit Log'!$C$2:$C$2001,$X5,'Audit Log'!$O$2:$O$2001,"Invalid") | Z5: =$Y5+ROW()/100000 | AB5: =IFERROR(INDEX($X$2:$X$465,MATCH(LARGE($Z$2:$Z$465,4),$Z$2:$Z$465,0)),"") | AC5: =IFERROR(INT(LARGE($Z$2:$Z$465,4)),0)
D6: =TODAY()-9 | E6: =COUNTIFS('Audit Log'!$B$2:$B$2001,$D6,'Audit Log'!$F$2:$F$2001,$B$3,'Audit Log'!$S$2:$S$2001,$B$4,'Audit Log'!$T$2:$T$2001,"Yes",'Audit Log'!$O$2:$O$2001,$B$5) | G6: Non-Tech Solution (General Inquiry / Warranty / How-To) | H6: =COUNTIFS('Audit Log'!$B$2:$B$2001,">="&$B$2,'Audit Log'!$F$2:$F$2001,$B$3,'Audit Log'!$S$2:$S$2001,$B$4,'Audit Log'!$T$2:$T$2001,"Yes",'Audit Log'!$P$2:$P$2001,$G6) | I6: =$H6+ROW()/100000 | K6: =IFERROR(INDEX($G$2:$G$14,MATCH(LARGE($I$2:$I$14,5),$I$2:$I$14,0)),"") | L6: =IFERROR(INT(LARGE($I$2:$I$14,5)),0) | N6: Arcena, Alberto Chua | O6: =COUNTIFS('Audit Log'!$B$2:$B$2001,">="&$B$2,'Audit Log'!$F$2:$F$2001,$N6,'Audit Log'!$S$2:$S$2001,$B$4,'Audit Log'!$T$2:$T$2001,"Yes") | P6: =COUNTIFS('Audit Log'!$B$2:$B$2001,">="&$B$2,'Audit Log'!$F$2:$F$2001,$N6,'Audit Log'!$S$2:$S$2001,$B$4,'Audit Log'!$T$2:$T$2001,"Yes",'Audit Log'!$O$2:$O$2001,"Valid") | Q6: =$O6+ROW()/100000 | R6: =IFERROR($P6/$O6,0) | T6: =IFERROR(INDEX($N$2:$N$40,MATCH(LARGE($Q$2:$Q$40,5),$Q$2:$Q$40,0)),"") | U6: =IFERROR(INT(LARGE($Q$2:$Q$40,5)),0) | V6: =IFERROR(INDEX($R$2:$R$40,MATCH(LARGE($Q$2:$Q$40,5),$Q$2:$Q$40,0)),0) | X6: Abellar, Nina Grace Lincallo | Y6: =COUNTIFS('Audit Log'!$B$2:$B$2001,">="&$B$2,'Audit Log'!$F$2:$F$2001,$B$3,'Audit Log'!$S$2:$S$2001,$B$4,'Audit Log'!$T$2:$T$2001,"Yes",'Audit Log'!$C$2:$C$2001,$X6,'Audit Log'!$O$2:$O$2001,"Invalid") | Z6: =$Y6+ROW()/100000 | AB6: =IFERROR(INDEX($X$2:$X$465,MATCH(LARGE($Z$2:$Z$465,5),$Z$2:$Z$465,0)),"") | AC6: =IFERROR(INT(LARGE($Z$2:$Z$465,5)),0)
B7: =COUNTIFS('Audit Log'!$B$2:$B$2001,">="&$B$2,'Audit Log'!$F$2:$F$2001,$B$3,'Audit Log'!$S$2:$S$2001,$B$4,'Audit Log'!$T$2:$T$2001,"Yes",'Audit Log'!$O$2:$O$2001,$B$5) | D7: =TODAY()-8 | E7: =COUNTIFS('Audit Log'!$B$2:$B$2001,$D7,'Audit Log'!$F$2:$F$2001,$B$3,'Audit Log'!$S$2:$S$2001,$B$4,'Audit Log'!$T$2:$T$2001,"Yes",'Audit Log'!$O$2:$O$2001,$B$5) | G7: Remote Solution (HW/SW Resolved Remotely via Troubleshooting) | H7: =COUNTIFS('Audit Log'!$B$2:$B$2001,">="&$B$2,'Audit Log'!$F$2:$F$2001,$B$3,'Audit Log'!$S$2:$S$2001,$B$4,'Audit Log'!$T$2:$T$2001,"Yes",'Audit Log'!$P$2:$P$2001,$G7) | I7: =$H7+ROW()/100000 | K7: =IFERROR(INDEX($G$2:$G$14,MATCH(LARGE($I$2:$I$14,6),$I$2:$I$14,0)),"") | L7: =IFERROR(INT(LARGE($I$2:$I$14,6)),0) | N7: Bajo, Christian Dela Cruz | O7: =COUNTIFS('Audit Log'!$B$2:$B$2001,">="&$B$2,'Audit Log'!$F$2:$F$2001,$N7,'Audit Log'!$S$2:$S$2001,$B$4,'Audit Log'!$T$2:$T$2001,"Yes") | P7: =COUNTIFS('Audit Log'!$B$2:$B$2001,">="&$B$2,'Audit Log'!$F$2:$F$2001,$N7,'Audit Log'!$S$2:$S$2001,$B$4,'Audit Log'!$T$2:$T$2001,"Yes",'Audit Log'!$O$2:$O$2001,"Valid") | Q7: =$O7+ROW()/100000 | R7: =IFERROR($P7/$O7,0) | X7: Abogado, Maria Cristina Cambaliza | Y7: =COUNTIFS('Audit Log'!$B$2:$B$2001,">="&$B$2,'Audit Log'!$F$2:$F$2001,$B$3,'Audit Log'!$S$2:$S$2001,$B$4,'Audit Log'!$T$2:$T$2001,"Yes",'Audit Log'!$C$2:$C$2001,$X7,'Audit Log'!$O$2:$O$2001,"Invalid") | Z7: =$Y7+ROW()/100000 | AB7: =IFERROR(INDEX($X$2:$X$465,MATCH(LARGE($Z$2:$Z$465,6),$Z$2:$Z$465,0)),"") | AC7: =IFERROR(INT(LARGE($Z$2:$Z$465,6)),0)
A8: Valid | B8: =COUNTIFS('Audit Log'!$B$2:$B$2001,">="&$B$2,'Audit Log'!$F$2:$F$2001,$B$3,'Audit Log'!$S$2:$S$2001,$B$4,'Audit Log'!$T$2:$T$2001,"Yes",'Audit Log'!$O$2:$O$2001,"Valid",'Audit Log'!$O$2:$O$2001,$B$5) | D8: =TODAY()-7 | E8: =COUNTIFS('Audit Log'!$B$2:$B$2001,$D8,'Audit Log'!$F$2:$F$2001,$B$3,'Audit Log'!$S$2:$S$2001,$B$4,'Audit Log'!$T$2:$T$2001,"Yes",'Audit Log'!$O$2:$O$2001,$B$5) | G8: Offsite Solution (Bench / Depot Repair Service Order) | H8: =COUNTIFS('Audit Log'!$B$2:$B$2001,">="&$B$2,'Audit Log'!$F$2:$F$2001,$B$3,'Audit Log'!$S$2:$S$2001,$B$4,'Audit Log'!$T$2:$T$2001,"Yes",'Audit Log'!$P$2:$P$2001,$G8) | I8: =$H8+ROW()/100000 | N8: Belandres, Nica Marie Ballola | O8: =COUNTIFS('Audit Log'!$B$2:$B$2001,">="&$B$2,'Audit Log'!$F$2:$F$2001,$N8,'Audit Log'!$S$2:$S$2001,$B$4,'Audit Log'!$T$2:$T$2001,"Yes") | P8: =COUNTIFS('Audit Log'!$B$2:$B$2001,">="&$B$2,'Audit Log'!$F$2:$F$2001,$N8,'Audit Log'!$S$2:$S$2001,$B$4,'Audit Log'!$T$2:$T$2001,"Yes",'Audit Log'!$O$2:$O$2001,"Valid") | Q8: =$O8+ROW()/100000 | R8: =IFERROR($P8/$O8,0) | X8: Aceron, Ma Jovel Salvador | Y8: =COUNTIFS('Audit Log'!$B$2:$B$2001,">="&$B$2,'Audit Log'!$F$2:$F$2001,$B$3,'Audit Log'!$S$2:$S$2001,$B$4,'Audit Log'!$T$2:$T$2001,"Yes",'Audit Log'!$C$2:$C$2001,$X8,'Audit Log'!$O$2:$O$2001,"Invalid") | Z8: =$Y8+ROW()/100000
A9: Invalid | B9: =COUNTIFS('Audit Log'!$B$2:$B$2001,">="&$B$2,'Audit Log'!$F$2:$F$2001,$B$3,'Audit Log'!$S$2:$S$2001,$B$4,'Audit Log'!$T$2:$T$2001,"Yes",'Audit Log'!$O$2:$O$2001,"Invalid",'Audit Log'!$O$2:$O$2001,$B$5) | D9: =TODAY()-6 | E9: =COUNTIFS('Audit Log'!$B$2:$B$2001,$D9,'Audit Log'!$F$2:$F$2001,$B$3,'Audit Log'!$S$2:$S$2001,$B$4,'Audit Log'!$T$2:$T$2001,"Yes",'Audit Log'!$O$2:$O$2001,$B$5) | G9: Exchange Solution (Whole Unit Exchange Arranged) | H9: =COUNTIFS('Audit Log'!$B$2:$B$2001,">="&$B$2,'Audit Log'!$F$2:$F$2001,$B$3,'Audit Log'!$S$2:$S$2001,$B$4,'Audit Log'!$T$2:$T$2001,"Yes",'Audit Log'!$P$2:$P$2001,$G9) | I9: =$H9+ROW()/100000 | N9: Benedicto, Allen Kiel Lazarra | O9: =COUNTIFS('Audit Log'!$B$2:$B$2001,">="&$B$2,'Audit Log'!$F$2:$F$2001,$N9,'Audit Log'!$S$2:$S$2001,$B$4,'Audit Log'!$T$2:$T$2001,"Yes") | P9: =COUNTIFS('Audit Log'!$B$2:$B$2001,">="&$B$2,'Audit Log'!$F$2:$F$2001,$N9,'Audit Log'!$S$2:$S$2001,$B$4,'Audit Log'!$T$2:$T$2001,"Yes",'Audit Log'!$O$2:$O$2001,"Valid") | Q9: =$O9+ROW()/100000 | R9: =IFERROR($P9/$O9,0) | X9: Acuesta, Charles Gerry Stephen Logdat | Y9: =COUNTIFS('Audit Log'!$B$2:$B$2001,">="&$B$2,'Audit Log'!$F$2:$F$2001,$B$3,'Audit Log'!$S$2:$S$2001,$B$4,'Audit Log'!$T$2:$T$2001,"Yes",'Audit Log'!$C$2:$C$2001,$X9,'Audit Log'!$O$2:$O$2001,"Invalid") | Z9: =$Y9+ROW()/100000
B10: =IFERROR($B$9/$B$7,0) | D10: =TODAY()-5 | E10: =COUNTIFS('Audit Log'!$B$2:$B$2001,$D10,'Audit Log'!$F$2:$F$2001,$B$3,'Audit Log'!$S$2:$S$2001,$B$4,'Audit Log'!$T$2:$T$2001,"Yes",'Audit Log'!$O$2:$O$2001,$B$5) | G10: Onsite Solution (Break & Fix / Installation Work Order) | H10: =COUNTIFS('Audit Log'!$B$2:$B$2001,">="&$B$2,'Audit Log'!$F$2:$F$2001,$B$3,'Audit Log'!$S$2:$S$2001,$B$4,'Audit Log'!$T$2:$T$2001,"Yes",'Audit Log'!$P$2:$P$2001,$G10) | I10: =$H10+ROW()/100000 | N10: Blas, Jesus Jr Trinidad | O10: =COUNTIFS('Audit Log'!$B$2:$B$2001,">="&$B$2,'Audit Log'!$F$2:$F$2001,$N10,'Audit Log'!$S$2:$S$2001,$B$4,'Audit Log'!$T$2:$T$2001,"Yes") | P10: =COUNTIFS('Audit Log'!$B$2:$B$2001,">="&$B$2,'Audit Log'!$F$2:$F$2001,$N10,'Audit Log'!$S$2:$S$2001,$B$4,'Audit Log'!$T$2:$T$2001,"Yes",'Audit Log'!$O$2:$O$2001,"Valid") | Q10: =$O10+ROW()/100000 | R10: =IFERROR($P10/$O10,0) | X10: Adrales, Allen Rick Aguilar | Y10: =COUNTIFS('Audit Log'!$B$2:$B$2001,">="&$B$2,'Audit Log'!$F$2:$F$2001,$B$3,'Audit Log'!$S$2:$S$2001,$B$4,'Audit Log'!$T$2:$T$2001,"Yes",'Audit Log'!$C$2:$C$2001,$X10,'Audit Log'!$O$2:$O$2001,"Invalid") | Z10: =$Y10+ROW()/100000
B11: =IFERROR(TEXT(_xlfn.MAXIFS('Audit Log'!$B$2:$B$2001,'Audit Log'!$B$2:$B$2001,">="&$B$2,'Audit Log'!$F$2:$F$2001,$B$3,'Audit Log'!$S$2:$S$2001,$B$4,'Audit Log'!$T$2:$T$2001,"Yes",'Audit Log'!$O$2:$O$2001,$B$5),"mmm d, yyyy"),"—") | D11: =TODAY()-4 | E11: =COUNTIFS('Audit Log'!$B$2:$B$2001,$D11,'Audit Log'!$F$2:$F$2001,$B$3,'Audit Log'!$S$2:$S$2001,$B$4,'Audit Log'!$T$2:$T$2001,"Yes",'Audit Log'!$O$2:$O$2001,$B$5) | G11: Parts Shipped (CSR Part / RCD Media / Instant Ink PO) | H11: =COUNTIFS('Audit Log'!$B$2:$B$2001,">="&$B$2,'Audit Log'!$F$2:$F$2001,$B$3,'Audit Log'!$S$2:$S$2001,$B$4,'Audit Log'!$T$2:$T$2001,"Yes",'Audit Log'!$P$2:$P$2001,$G11) | I11: =$H11+ROW()/100000 | N11: Briones, Aries Ang | O11: =COUNTIFS('Audit Log'!$B$2:$B$2001,">="&$B$2,'Audit Log'!$F$2:$F$2001,$N11,'Audit Log'!$S$2:$S$2001,$B$4,'Audit Log'!$T$2:$T$2001,"Yes") | P11: =COUNTIFS('Audit Log'!$B$2:$B$2001,">="&$B$2,'Audit Log'!$F$2:$F$2001,$N11,'Audit Log'!$S$2:$S$2001,$B$4,'Audit Log'!$T$2:$T$2001,"Yes",'Audit Log'!$O$2:$O$2001,"Valid") | Q11: =$O11+ROW()/100000 | R11: =IFERROR($P11/$O11,0) | X11: Agcaoili, Angel Moraine Hinoo | Y11: =COUNTIFS('Audit Log'!$B$2:$B$2001,">="&$B$2,'Audit Log'!$F$2:$F$2001,$B$3,'Audit Log'!$S$2:$S$2001,$B$4,'Audit Log'!$T$2:$T$2001,"Yes",'Audit Log'!$C$2:$C$2001,$X11,'Audit Log'!$O$2:$O$2001,"Invalid") | Z11: =$Y11+ROW()/100000
D12: =TODAY()-3 | E12: =COUNTIFS('Audit Log'!$B$2:$B$2001,$D12,'Audit Log'!$F$2:$F$2001,$B$3,'Audit Log'!$S$2:$S$2001,$B$4,'Audit Log'!$T$2:$T$2001,"Yes",'Audit Log'!$O$2:$O$2001,$B$5) | G12: Referred - for Hardware Service (ASP / 3rd Party HW / DOA) | H12: =COUNTIFS('Audit Log'!$B$2:$B$2001,">="&$B$2,'Audit Log'!$F$2:$F$2001,$B$3,'Audit Log'!$S$2:$S$2001,$B$4,'Audit Log'!$T$2:$T$2001,"Yes",'Audit Log'!$P$2:$P$2001,$G12) | I12: =$H12+ROW()/100000 | N12: Chan, Caroline Cruce | O12: =COUNTIFS('Audit Log'!$B$2:$B$2001,">="&$B$2,'Audit Log'!$F$2:$F$2001,$N12,'Audit Log'!$S$2:$S$2001,$B$4,'Audit Log'!$T$2:$T$2001,"Yes") | P12: =COUNTIFS('Audit Log'!$B$2:$B$2001,">="&$B$2,'Audit Log'!$F$2:$F$2001,$N12,'Audit Log'!$S$2:$S$2001,$B$4,'Audit Log'!$T$2:$T$2001,"Yes",'Audit Log'!$O$2:$O$2001,"Valid") | Q12: =$O12+ROW()/100000 | R12: =IFERROR($P12/$O12,0) | X12: Aguas, Thea Tolentino | Y12: =COUNTIFS('Audit Log'!$B$2:$B$2001,">="&$B$2,'Audit Log'!$F$2:$F$2001,$B$3,'Audit Log'!$S$2:$S$2001,$B$4,'Audit Log'!$T$2:$T$2001,"Yes",'Audit Log'!$C$2:$C$2001,$X12,'Audit Log'!$O$2:$O$2001,"Invalid") | Z12: =$Y12+ROW()/100000
D13: =TODAY()-2 | E13: =COUNTIFS('Audit Log'!$B$2:$B$2001,$D13,'Audit Log'!$F$2:$F$2001,$B$3,'Audit Log'!$S$2:$S$2001,$B$4,'Audit Log'!$T$2:$T$2001,"Yes",'Audit Log'!$O$2:$O$2001,$B$5) | G13: Referred - for Software Support (Out of Scope / 3rd Party SW) | H13: =COUNTIFS('Audit Log'!$B$2:$B$2001,">="&$B$2,'Audit Log'!$F$2:$F$2001,$B$3,'Audit Log'!$S$2:$S$2001,$B$4,'Audit Log'!$T$2:$T$2001,"Yes",'Audit Log'!$P$2:$P$2001,$G13) | I13: =$H13+ROW()/100000 | N13: Cinco, Neville Dimagiba | O13: =COUNTIFS('Audit Log'!$B$2:$B$2001,">="&$B$2,'Audit Log'!$F$2:$F$2001,$N13,'Audit Log'!$S$2:$S$2001,$B$4,'Audit Log'!$T$2:$T$2001,"Yes") | P13: =COUNTIFS('Audit Log'!$B$2:$B$2001,">="&$B$2,'Audit Log'!$F$2:$F$2001,$N13,'Audit Log'!$S$2:$S$2001,$B$4,'Audit Log'!$T$2:$T$2001,"Yes",'Audit Log'!$O$2:$O$2001,"Valid") | Q13: =$O13+ROW()/100000 | R13: =IFERROR($P13/$O13,0) | X13: Aguto, Luke Matthew Mariano | Y13: =COUNTIFS('Audit Log'!$B$2:$B$2001,">="&$B$2,'Audit Log'!$F$2:$F$2001,$B$3,'Audit Log'!$S$2:$S$2001,$B$4,'Audit Log'!$T$2:$T$2001,"Yes",'Audit Log'!$C$2:$C$2001,$X13,'Audit Log'!$O$2:$O$2001,"Invalid") | Z13: =$Y13+ROW()/100000
D14: =TODAY()-1 | E14: =COUNTIFS('Audit Log'!$B$2:$B$2001,$D14,'Audit Log'!$F$2:$F$2001,$B$3,'Audit Log'!$S$2:$S$2001,$B$4,'Audit Log'!$T$2:$T$2001,"Yes",'Audit Log'!$O$2:$O$2001,$B$5) | G14: Unresolved - Not Entitled for Support | H14: =COUNTIFS('Audit Log'!$B$2:$B$2001,">="&$B$2,'Audit Log'!$F$2:$F$2001,$B$3,'Audit Log'!$S$2:$S$2001,$B$4,'Audit Log'!$T$2:$T$2001,"Yes",'Audit Log'!$P$2:$P$2001,$G14) | I14: =$H14+ROW()/100000 | N14: De Guzman, Gabriel Rodrigo | O14: =COUNTIFS('Audit Log'!$B$2:$B$2001,">="&$B$2,'Audit Log'!$F$2:$F$2001,$N14,'Audit Log'!$S$2:$S$2001,$B$4,'Audit Log'!$T$2:$T$2001,"Yes") | P14: =COUNTIFS('Audit Log'!$B$2:$B$2001,">="&$B$2,'Audit Log'!$F$2:$F$2001,$N14,'Audit Log'!$S$2:$S$2001,$B$4,'Audit Log'!$T$2:$T$2001,"Yes",'Audit Log'!$O$2:$O$2001,"Valid") | Q14: =$O14+ROW()/100000 | R14: =IFERROR($P14/$O14,0) | X14: Ajose, Ferd Mark Cristobal | Y14: =COUNTIFS('Audit Log'!$B$2:$B$2001,">="&$B$2,'Audit Log'!$F$2:$F$2001,$B$3,'Audit Log'!$S$2:$S$2001,$B$4,'Audit Log'!$T$2:$T$2001,"Yes",'Audit Log'!$C$2:$C$2001,$X14,'Audit Log'!$O$2:$O$2001,"Invalid") | Z14: =$Y14+ROW()/100000
D15: =TODAY()-0 | E15: =COUNTIFS('Audit Log'!$B$2:$B$2001,$D15,'Audit Log'!$F$2:$F$2001,$B$3,'Audit Log'!$S$2:$S$2001,$B$4,'Audit Log'!$T$2:$T$2001,"Yes",'Audit Log'!$O$2:$O$2001,$B$5) | N15: Dela Fuente, Erick John Palomo | O15: =COUNTIFS('Audit Log'!$B$2:$B$2001,">="&$B$2,'Audit Log'!$F$2:$F$2001,$N15,'Audit Log'!$S$2:$S$2001,$B$4,'Audit Log'!$T$2:$T$2001,"Yes") | P15: =COUNTIFS('Audit Log'!$B$2:$B$2001,">="&$B$2,'Audit Log'!$F$2:$F$2001,$N15,'Audit Log'!$S$2:$S$2001,$B$4,'Audit Log'!$T$2:$T$2001,"Yes",'Audit Log'!$O$2:$O$2001,"Valid") | Q15: =$O15+ROW()/100000 | R15: =IFERROR($P15/$O15,0) | X15: Albios, Art Christopher Salinas | Y15: =COUNTIFS('Audit Log'!$B$2:$B$2001,">="&$B$2,'Audit Log'!$F$2:$F$2001,$B$3,'Audit Log'!$S$2:$S$2001,$B$4,'Audit Log'!$T$2:$T$2001,"Yes",'Audit Log'!$C$2:$C$2001,$X15,'Audit Log'!$O$2:$O$2001,"Invalid") | Z15: =$Y15+ROW()/100000
N16: Ebuenga, Sheryll Avellaneda | O16: =COUNTIFS('Audit Log'!$B$2:$B$2001,">="&$B$2,'Audit Log'!$F$2:$F$2001,$N16,'Audit Log'!$S$2:$S$2001,$B$4,'Audit Log'!$T$2:$T$2001,"Yes") | P16: =COUNTIFS('Audit Log'!$B$2:$B$2001,">="&$B$2,'Audit Log'!$F$2:$F$2001,$N16,'Audit Log'!$S$2:$S$2001,$B$4,'Audit Log'!$T$2:$T$2001,"Yes",'Audit Log'!$O$2:$O$2001,"Valid") | Q16: =$O16+ROW()/100000 | R16: =IFERROR($P16/$O16,0) | X16: Alcancia, Jaycel Giron | Y16: =COUNTIFS('Audit Log'!$B$2:$B$2001,">="&$B$2,'Audit Log'!$F$2:$F$2001,$B$3,'Audit Log'!$S$2:$S$2001,$B$4,'Audit Log'!$T$2:$T$2001,"Yes",'Audit Log'!$C$2:$C$2001,$X16,'Audit Log'!$O$2:$O$2001,"Invalid") | Z16: =$Y16+ROW()/100000
N17: Ferrer, Jasper Kenneth Labor | O17: =COUNTIFS('Audit Log'!$B$2:$B$2001,">="&$B$2,'Audit Log'!$F$2:$F$2001,$N17,'Audit Log'!$S$2:$S$2001,$B$4,'Audit Log'!$T$2:$T$2001,"Yes") | P17: =COUNTIFS('Audit Log'!$B$2:$B$2001,">="&$B$2,'Audit Log'!$F$2:$F$2001,$N17,'Audit Log'!$S$2:$S$2001,$B$4,'Audit Log'!$T$2:$T$2001,"Yes",'Audit Log'!$O$2:$O$2001,"Valid") | Q17: =$O17+ROW()/100000 | R17: =IFERROR($P17/$O17,0) | X17: Aldea, Arthel Jane Donasco | Y17: =COUNTIFS('Audit Log'!$B$2:$B$2001,">="&$B$2,'Audit Log'!$F$2:$F$2001,$B$3,'Audit Log'!$S$2:$S$2001,$B$4,'Audit Log'!$T$2:$T$2001,"Yes",'Audit Log'!$C$2:$C$2001,$X17,'Audit Log'!$O$2:$O$2001,"Invalid") | Z17: =$Y17+ROW()/100000
N18: Galope, Danri Catacutan | O18: =COUNTIFS('Audit Log'!$B$2:$B$2001,">="&$B$2,'Audit Log'!$F$2:$F$2001,$N18,'Audit Log'!$S$2:$S$2001,$B$4,'Audit Log'!$T$2:$T$2001,"Yes") | P18: =COUNTIFS('Audit Log'!$B$2:$B$2001,">="&$B$2,'Audit Log'!$F$2:$F$2001,$N18,'Audit Log'!$S$2:$S$2001,$B$4,'Audit Log'!$T$2:$T$2001,"Yes",'Audit Log'!$O$2:$O$2001,"Valid") | Q18: =$O18+ROW()/100000 | R18: =IFERROR($P18/$O18,0) | X18: Alestre, Jolina Balde | Y18: =COUNTIFS('Audit Log'!$B$2:$B$2001,">="&$B$2,'Audit Log'!$F$2:$F$2001,$B$3,'Audit Log'!$S$2:$S$2001,$B$4,'Audit Log'!$T$2:$T$2001,"Yes",'Audit Log'!$C$2:$C$2001,$X18,'Audit Log'!$O$2:$O$2001,"Invalid") | Z18: =$Y18+ROW()/100000
N19: Hije, Bernadeth Rosales | O19: =COUNTIFS('Audit Log'!$B$2:$B$2001,">="&$B$2,'Audit Log'!$F$2:$F$2001,$N19,'Audit Log'!$S$2:$S$2001,$B$4,'Audit Log'!$T$2:$T$2001,"Yes") | P19: =COUNTIFS('Audit Log'!$B$2:$B$2001,">="&$B$2,'Audit Log'!$F$2:$F$2001,$N19,'Audit Log'!$S$2:$S$2001,$B$4,'Audit Log'!$T$2:$T$2001,"Yes",'Audit Log'!$O$2:$O$2001,"Valid") | Q19: =$O19+ROW()/100000 | R19: =IFERROR($P19/$O19,0) | X19: Alinday, Shiela Marie Altabano | Y19: =COUNTIFS('Audit Log'!$B$2:$B$2001,">="&$B$2,'Audit Log'!$F$2:$F$2001,$B$3,'Audit Log'!$S$2:$S$2001,$B$4,'Audit Log'!$T$2:$T$2001,"Yes",'Audit Log'!$C$2:$C$2001,$X19,'Audit Log'!$O$2:$O$2001,"Invalid") | Z19: =$Y19+ROW()/100000
N20: Imran Shaikh | O20: =COUNTIFS('Audit Log'!$B$2:$B$2001,">="&$B$2,'Audit Log'!$F$2:$F$2001,$N20,'Audit Log'!$S$2:$S$2001,$B$4,'Audit Log'!$T$2:$T$2001,"Yes") | P20: =COUNTIFS('Audit Log'!$B$2:$B$2001,">="&$B$2,'Audit Log'!$F$2:$F$2001,$N20,'Audit Log'!$S$2:$S$2001,$B$4,'Audit Log'!$T$2:$T$2001,"Yes",'Audit Log'!$O$2:$O$2001,"Valid") | Q20: =$O20+ROW()/100000 | R20: =IFERROR($P20/$O20,0) | X20: Almiñe, Jaypee Maniquiz | Y20: =COUNTIFS('Audit Log'!$B$2:$B$2001,">="&$B$2,'Audit Log'!$F$2:$F$2001,$B$3,'Audit Log'!$S$2:$S$2001,$B$4,'Audit Log'!$T$2:$T$2001,"Yes",'Audit Log'!$C$2:$C$2001,$X20,'Audit Log'!$O$2:$O$2001,"Invalid") | Z20: =$Y20+ROW()/100000
N21: Lazaro, Paolo Dennis Hidalgo | O21: =COUNTIFS('Audit Log'!$B$2:$B$2001,">="&$B$2,'Audit Log'!$F$2:$F$2001,$N21,'Audit Log'!$S$2:$S$2001,$B$4,'Audit Log'!$T$2:$T$2001,"Yes") | P21: =COUNTIFS('Audit Log'!$B$2:$B$2001,">="&$B$2,'Audit Log'!$F$2:$F$2001,$N21,'Audit Log'!$S$2:$S$2001,$B$4,'Audit Log'!$T$2:$T$2001,"Yes",'Audit Log'!$O$2:$O$2001,"Valid") | Q21: =$O21+ROW()/100000 | R21: =IFERROR($P21/$O21,0) | X21: Almodiel, Shaileen Eduarte | Y21: =COUNTIFS('Audit Log'!$B$2:$B$2001,">="&$B$2,'Audit Log'!$F$2:$F$2001,$B$3,'Audit Log'!$S$2:$S$2001,$B$4,'Audit Log'!$T$2:$T$2001,"Yes",'Audit Log'!$C$2:$C$2001,$X21,'Audit Log'!$O$2:$O$2001,"Invalid") | Z21: =$Y21+ROW()/100000
N22: Leonardo, Kristine Joy Sigalat | O22: =COUNTIFS('Audit Log'!$B$2:$B$2001,">="&$B$2,'Audit Log'!$F$2:$F$2001,$N22,'Audit Log'!$S$2:$S$2001,$B$4,'Audit Log'!$T$2:$T$2001,"Yes") | P22: =COUNTIFS('Audit Log'!$B$2:$B$2001,">="&$B$2,'Audit Log'!$F$2:$F$2001,$N22,'Audit Log'!$S$2:$S$2001,$B$4,'Audit Log'!$T$2:$T$2001,"Yes",'Audit Log'!$O$2:$O$2001,"Valid") | Q22: =$O22+ROW()/100000 | R22: =IFERROR($P22/$O22,0) | X22: Aluning, Alain-Angelo Cangco | Y22: =COUNTIFS('Audit Log'!$B$2:$B$2001,">="&$B$2,'Audit Log'!$F$2:$F$2001,$B$3,'Audit Log'!$S$2:$S$2001,$B$4,'Audit Log'!$T$2:$T$2001,"Yes",'Audit Log'!$C$2:$C$2001,$X22,'Audit Log'!$O$2:$O$2001,"Invalid") | Z22: =$Y22+ROW()/100000
N23: Lungcay, Robin Landayan | O23: =COUNTIFS('Audit Log'!$B$2:$B$2001,">="&$B$2,'Audit Log'!$F$2:$F$2001,$N23,'Audit Log'!$S$2:$S$2001,$B$4,'Audit Log'!$T$2:$T$2001,"Yes") | P23: =COUNTIFS('Audit Log'!$B$2:$B$2001,">="&$B$2,'Audit Log'!$F$2:$F$2001,$N23,'Audit Log'!$S$2:$S$2001,$B$4,'Audit Log'!$T$2:$T$2001,"Yes",'Audit Log'!$O$2:$O$2001,"Valid") | Q23: =$O23+ROW()/100000 | R23: =IFERROR($P23/$O23,0) | X23: Alvarez, Wenerick Francisco | Y23: =COUNTIFS('Audit Log'!$B$2:$B$2001,">="&$B$2,'Audit Log'!$F$2:$F$2001,$B$3,'Audit Log'!$S$2:$S$2001,$B$4,'Audit Log'!$T$2:$T$2001,"Yes",'Audit Log'!$C$2:$C$2001,$X23,'Audit Log'!$O$2:$O$2001,"Invalid") | Z23: =$Y23+ROW()/100000
N24: Luñiza, Jona Claveria | O24: =COUNTIFS('Audit Log'!$B$2:$B$2001,">="&$B$2,'Audit Log'!$F$2:$F$2001,$N24,'Audit Log'!$S$2:$S$2001,$B$4,'Audit Log'!$T$2:$T$2001,"Yes") | P24: =COUNTIFS('Audit Log'!$B$2:$B$2001,">="&$B$2,'Audit Log'!$F$2:$F$2001,$N24,'Audit Log'!$S$2:$S$2001,$B$4,'Audit Log'!$T$2:$T$2001,"Yes",'Audit Log'!$O$2:$O$2001,"Valid") | Q24: =$O24+ROW()/100000 | R24: =IFERROR($P24/$O24,0) | X24: Amboyon, Julieta Mata | Y24: =COUNTIFS('Audit Log'!$B$2:$B$2001,">="&$B$2,'Audit Log'!$F$2:$F$2001,$B$3,'Audit Log'!$S$2:$S$2001,$B$4,'Audit Log'!$T$2:$T$2001,"Yes",'Audit Log'!$C$2:$C$2001,$X24,'Audit Log'!$O$2:$O$2001,"Invalid") | Z24: =$Y24+ROW()/100000
N25: Medel, Lorelei Gabriel | O25: =COUNTIFS('Audit Log'!$B$2:$B$2001,">="&$B$2,'Audit Log'!$F$2:$F$2001,$N25,'Audit Log'!$S$2:$S$2001,$B$4,'Audit Log'!$T$2:$T$2001,"Yes") | P25: =COUNTIFS('Audit Log'!$B$2:$B$2001,">="&$B$2,'Audit Log'!$F$2:$F$2001,$N25,'Audit Log'!$S$2:$S$2001,$B$4,'Audit Log'!$T$2:$T$2001,"Yes",'Audit Log'!$O$2:$O$2001,"Valid") | Q25: =$O25+ROW()/100000 | R25: =IFERROR($P25/$O25,0) | X25: Andrecoso, April Melody Sunga | Y25: =COUNTIFS('Audit Log'!$B$2:$B$2001,">="&$B$2,'Audit Log'!$F$2:$F$2001,$B$3,'Audit Log'!$S$2:$S$2001,$B$4,'Audit Log'!$T$2:$T$2001,"Yes",'Audit Log'!$C$2:$C$2001,$X25,'Audit Log'!$O$2:$O$2001,"Invalid") | Z25: =$Y25+ROW()/100000
N26: Napone, Jerome Budlao | O26: =COUNTIFS('Audit Log'!$B$2:$B$2001,">="&$B$2,'Audit Log'!$F$2:$F$2001,$N26,'Audit Log'!$S$2:$S$2001,$B$4,'Audit Log'!$T$2:$T$2001,"Yes") | P26: =COUNTIFS('Audit Log'!$B$2:$B$2001,">="&$B$2,'Audit Log'!$F$2:$F$2001,$N26,'Audit Log'!$S$2:$S$2001,$B$4,'Audit Log'!$T$2:$T$2001,"Yes",'Audit Log'!$O$2:$O$2001,"Valid") | Q26: =$O26+ROW()/100000 | R26: =IFERROR($P26/$O26,0) | X26: Anilado, Ellen Sunga | Y26: =COUNTIFS('Audit Log'!$B$2:$B$2001,">="&$B$2,'Audit Log'!$F$2:$F$2001,$B$3,'Audit Log'!$S$2:$S$2001,$B$4,'Audit Log'!$T$2:$T$2001,"Yes",'Audit Log'!$C$2:$C$2001,$X26,'Audit Log'!$O$2:$O$2001,"Invalid") | Z26: =$Y26+ROW()/100000
N27: Nito, Reynaldo Tribol | O27: =COUNTIFS('Audit Log'!$B$2:$B$2001,">="&$B$2,'Audit Log'!$F$2:$F$2001,$N27,'Audit Log'!$S$2:$S$2001,$B$4,'Audit Log'!$T$2:$T$2001,"Yes") | P27: =COUNTIFS('Audit Log'!$B$2:$B$2001,">="&$B$2,'Audit Log'!$F$2:$F$2001,$N27,'Audit Log'!$S$2:$S$2001,$B$4,'Audit Log'!$T$2:$T$2001,"Yes",'Audit Log'!$O$2:$O$2001,"Valid") | Q27: =$O27+ROW()/100000 | R27: =IFERROR($P27/$O27,0) | X27: Antonio, Jeric Camillan | Y27: =COUNTIFS('Audit Log'!$B$2:$B$2001,">="&$B$2,'Audit Log'!$F$2:$F$2001,$B$3,'Audit Log'!$S$2:$S$2001,$B$4,'Audit Log'!$T$2:$T$2001,"Yes",'Audit Log'!$C$2:$C$2001,$X27,'Audit Log'!$O$2:$O$2001,"Invalid") | Z27: =$Y27+ROW()/100000
... N40: Vedia, Jerson Reyes | O40: =COUNTIFS('Audit Log'!$B$2:$B$2001,">="&$B$2,'Audit Log'!$F$2:$F$2001,$N40,'Audit Log'!$S$2:$S$2001,$B$4,'Audit Log'!$T$2:$T$2001,"Yes") | P40: =COUNTIFS('Audit Log'!$B$2:$B$2001,">="&$B$2,'Audit Log'!$F$2:$F$2001,$N40,'Audit Log'!$S$2:$S$2001,$B$4,'Audit Log'!$T$2:$T$2001,"Yes",'Audit Log'!$O$2:$O$2001,"Valid") | Q40: =$O40+ROW()/100000 | R40: =IFERROR($P40/$O40,0) | X40: Awitan, Jane Arimado | Y40: =COUNTIFS('Audit Log'!$B$2:$B$2001,">="&$B$2,'Audit Log'!$F$2:$F$2001,$B$3,'Audit Log'!$S$2:$S$2001,$B$4,'Audit Log'!$T$2:$T$2001,"Yes",'Audit Log'!$C$2:$C$2001,$X40,'Audit Log'!$O$2:$O$2001,"Invalid") | Z40: =$Y40+ROW()/100000
X41: Baguino, Ariel Forbes | Y41: =COUNTIFS('Audit Log'!$B$2:$B$2001,">="&$B$2,'Audit Log'!$F$2:$F$2001,$B$3,'Audit Log'!$S$2:$S$2001,$B$4,'Audit Log'!$T$2:$T$2001,"Yes",'Audit Log'!$C$2:$C$2001,$X41,'Audit Log'!$O$2:$O$2001,"Invalid") | Z41: =$Y41+ROW()/100000
X42: Balingit, Judy Ann Getubig | Y42: =COUNTIFS('Audit Log'!$B$2:$B$2001,">="&$B$2,'Audit Log'!$F$2:$F$2001,$B$3,'Audit Log'!$S$2:$S$2001,$B$4,'Audit Log'!$T$2:$T$2001,"Yes",'Audit Log'!$C$2:$C$2001,$X42,'Audit Log'!$O$2:$O$2001,"Invalid") | Z42: =$Y42+ROW()/100000
X43: Balles, Reymund Esquivel | Y43: =COUNTIFS('Audit Log'!$B$2:$B$2001,">="&$B$2,'Audit Log'!$F$2:$F$2001,$B$3,'Audit Log'!$S$2:$S$2001,$B$4,'Audit Log'!$T$2:$T$2001,"Yes",'Audit Log'!$C$2:$C$2001,$X43,'Audit Log'!$O$2:$O$2001,"Invalid") | Z43: =$Y43+ROW()/100000
X44: Baloco, Paula Bianca Villarante | Y44: =COUNTIFS('Audit Log'!$B$2:$B$2001,">="&$B$2,'Audit Log'!$F$2:$F$2001,$B$3,'Audit Log'!$S$2:$S$2001,$B$4,'Audit Log'!$T$2:$T$2001,"Yes",'Audit Log'!$C$2:$C$2001,$X44,'Audit Log'!$O$2:$O$2001,"Invalid") | Z44: =$Y44+ROW()/100000
X45: Baltazar, Ryan Casey Lansangan | Y45: =COUNTIFS('Audit Log'!$B$2:$B$2001,">="&$B$2,'Audit Log'!$F$2:$F$2001,$B$3,'Audit Log'!$S$2:$S$2001,$B$4,'Audit Log'!$T$2:$T$2001,"Yes",'Audit Log'!$C$2:$C$2001,$X45,'Audit Log'!$O$2:$O$2001,"Invalid") | Z45: =$Y45+ROW()/100000
X46: Basbas, Lea Mai Lado | Y46: =COUNTIFS('Audit Log'!$B$2:$B$2001,">="&$B$2,'Audit Log'!$F$2:$F$2001,$B$3,'Audit Log'!$S$2:$S$2001,$B$4,'Audit Log'!$T$2:$T$2001,"Yes",'Audit Log'!$C$2:$C$2001,$X46,'Audit Log'!$O$2:$O$2001,"Invalid") | Z46: =$Y46+ROW()/100000
X47: Batimana, Randy Pardilla | Y47: =COUNTIFS('Audit Log'!$B$2:$B$2001,">="&$B$2,'Audit Log'!$F$2:$F$2001,$B$3,'Audit Log'!$S$2:$S$2001,$B$4,'Audit Log'!$T$2:$T$2001,"Yes",'Audit Log'!$C$2:$C$2001,$X47,'Audit Log'!$O$2:$O$2001,"Invalid") | Z47: =$Y47+ROW()/100000
X48: Bautista, Allan Joseph Sanchez | Y48: =COUNTIFS('Audit Log'!$B$2:$B$2001,">="&$B$2,'Audit Log'!$F$2:$F$2001,$B$3,'Audit Log'!$S$2:$S$2001,$B$4,'Audit Log'!$T$2:$T$2001,"Yes",'Audit Log'!$C$2:$C$2001,$X48,'Audit Log'!$O$2:$O$2001,"Invalid") | Z48: =$Y48+ROW()/100000
X49: Bautista, Arvie Aggabao | Y49: =COUNTIFS('Audit Log'!$B$2:$B$2001,">="&$B$2,'Audit Log'!$F$2:$F$2001,$B$3,'Audit Log'!$S$2:$S$2001,$B$4,'Audit Log'!$T$2:$T$2001,"Yes",'Audit Log'!$C$2:$C$2001,$X49,'Audit Log'!$O$2:$O$2001,"Invalid") | Z49: =$Y49+ROW()/100000
X50: Baya, Cindy Diaz | Y50: =COUNTIFS('Audit Log'!$B$2:$B$2001,">="&$B$2,'Audit Log'!$F$2:$F$2001,$B$3,'Audit Log'!$S$2:$S$2001,$B$4,'Audit Log'!$T$2:$T$2001,"Yes",'Audit Log'!$C$2:$C$2001,$X50,'Audit Log'!$O$2:$O$2001,"Invalid") | Z50: =$Y50+ROW()/100000
X51: Bayson, Johnnella Faith Baluco | Y51: =COUNTIFS('Audit Log'!$B$2:$B$2001,">="&$B$2,'Audit Log'!$F$2:$F$2001,$B$3,'Audit Log'!$S$2:$S$2001,$B$4,'Audit Log'!$T$2:$T$2001,"Yes",'Audit Log'!$C$2:$C$2001,$X51,'Audit Log'!$O$2:$O$2001,"Invalid") | Z51: =$Y51+ROW()/100000
X52: Belandres, Nica Marie Ballola | Y52: =COUNTIFS('Audit Log'!$B$2:$B$2001,">="&$B$2,'Audit Log'!$F$2:$F$2001,$B$3,'Audit Log'!$S$2:$S$2001,$B$4,'Audit Log'!$T$2:$T$2001,"Yes",'Audit Log'!$C$2:$C$2001,$X52,'Audit Log'!$O$2:$O$2001,"Invalid") | Z52: =$Y52+ROW()/100000
... X465: Zafra, June Darelle Singson | Y465: =COUNTIFS('Audit Log'!$B$2:$B$2001,">="&$B$2,'Audit Log'!$F$2:$F$2001,$B$3,'Audit Log'!$S$2:$S$2001,$B$4,'Audit Log'!$T$2:$T$2001,"Yes",'Audit Log'!$C$2:$C$2001,$X465,'Audit Log'!$O$2:$O$2001,"Invalid") | Z465: =$Y465+ROW()/100000

Sheet CalcCodes
A2: startDate | B2: =IF('Special Codes'!$C$2="All Time",0,IF('Special Codes'!$C$2="Today",TODAY(),IF('Special Codes'!$C$2="Last 7 Days",TODAY()-6,IF('Special Codes'!$C$2="Last 14 Days",TODAY()-13,IF('Special Codes'!$C$2="Last 30 Days",TODAY()-29,DATE(YEAR(TODAY()),MONTH(TODAY()),1))))))
A3: tlCrit | B3: =IF('Special Codes'!$E$2="All Team Leaders","*",'Special Codes'!$E$2)
A4: auditorCrit | B4: =IF('Special Codes'!$G$2="All Auditors","*",'Special Codes'!$G$2)
A7: Category | J7: Valid | K7: Invalid
A8: Remote Solution | B8: Remote Solution | C8: =COUNTIFS('Audit Log'!$B$2:$B$2001,">="&$B$2,'Audit Log'!$F$2:$F$2001,$B$3,'Audit Log'!$S$2:$S$2001,$B$4,'Audit Log'!$P$2:$P$2001,"*"&$B8&"*") | D8: =COUNTIFS('Audit Log'!$B$2:$B$2001,">="&$B$2,'Audit Log'!$F$2:$F$2001,$B$3,'Audit Log'!$S$2:$S$2001,$B$4,'Audit Log'!$Q$2:$Q$2001,"*"&$B8&"*") | E8: =COUNTIFS('Audit Log'!$B$2:$B$2001,">="&$B$2,'Audit Log'!$F$2:$F$2001,$B$3,'Audit Log'!$S$2:$S$2001,$B$4,'Audit Log'!$P$2:$P$2001,"*"&$B8&"*",'Audit Log'!$Q$2:$Q$2001,"*"&$B8&"*") | F8: =$C8+$D8-$E8 | G8: =COUNTIFS('Audit Log'!$B$2:$B$2001,">="&$B$2,'Audit Log'!$F$2:$F$2001,$B$3,'Audit Log'!$S$2:$S$2001,$B$4,'Audit Log'!$P$2:$P$2001,"*"&$B8&"*",'Audit Log'!$O$2:$O$2001,"Valid") | H8: =COUNTIFS('Audit Log'!$B$2:$B$2001,">="&$B$2,'Audit Log'!$F$2:$F$2001,$B$3,'Audit Log'!$S$2:$S$2001,$B$4,'Audit Log'!$Q$2:$Q$2001,"*"&$B8&"*",'Audit Log'!$O$2:$O$2001,"Valid") | I8: =COUNTIFS('Audit Log'!$B$2:$B$2001,">="&$B$2,'Audit Log'!$F$2:$F$2001,$B$3,'Audit Log'!$S$2:$S$2001,$B$4,'Audit Log'!$P$2:$P$2001,"*"&$B8&"*",'Audit Log'!$Q$2:$Q$2001,"*"&$B8&"*",'Audit Log'!$O$2:$O$2001,"Valid") | J8: =$G8+$H8-$I8 | K8: =$F8-$J8 | L8: =IFERROR($K8/$F8,0)
A9: DNAP | B9: DNAP | C9: =COUNTIFS('Audit Log'!$B$2:$B$2001,">="&$B$2,'Audit Log'!$F$2:$F$2001,$B$3,'Audit Log'!$S$2:$S$2001,$B$4,'Audit Log'!$P$2:$P$2001,"*"&$B9&"*") | D9: =COUNTIFS('Audit Log'!$B$2:$B$2001,">="&$B$2,'Audit Log'!$F$2:$F$2001,$B$3,'Audit Log'!$S$2:$S$2001,$B$4,'Audit Log'!$Q$2:$Q$2001,"*"&$B9&"*") | E9: =COUNTIFS('Audit Log'!$B$2:$B$2001,">="&$B$2,'Audit Log'!$F$2:$F$2001,$B$3,'Audit Log'!$S$2:$S$2001,$B$4,'Audit Log'!$P$2:$P$2001,"*"&$B9&"*",'Audit Log'!$Q$2:$Q$2001,"*"&$B9&"*") | F9: =$C9+$D9-$E9 | G9: =COUNTIFS('Audit Log'!$B$2:$B$2001,">="&$B$2,'Audit Log'!$F$2:$F$2001,$B$3,'Audit Log'!$S$2:$S$2001,$B$4,'Audit Log'!$P$2:$P$2001,"*"&$B9&"*",'Audit Log'!$O$2:$O$2001,"Valid") | H9: =COUNTIFS('Audit Log'!$B$2:$B$2001,">="&$B$2,'Audit Log'!$F$2:$F$2001,$B$3,'Audit Log'!$S$2:$S$2001,$B$4,'Audit Log'!$Q$2:$Q$2001,"*"&$B9&"*",'Audit Log'!$O$2:$O$2001,"Valid") | I9: =COUNTIFS('Audit Log'!$B$2:$B$2001,">="&$B$2,'Audit Log'!$F$2:$F$2001,$B$3,'Audit Log'!$S$2:$S$2001,$B$4,'Audit Log'!$P$2:$P$2001,"*"&$B9&"*",'Audit Log'!$Q$2:$Q$2001,"*"&$B9&"*",'Audit Log'!$O$2:$O$2001,"Valid") | J9: =$G9+$H9-$I9 | K9: =$F9-$J9 | L9: =IFERROR($K9/$F9,0)
A10: SubCan | B10: SubCan | C10: =COUNTIFS('Audit Log'!$B$2:$B$2001,">="&$B$2,'Audit Log'!$F$2:$F$2001,$B$3,'Audit Log'!$S$2:$S$2001,$B$4,'Audit Log'!$P$2:$P$2001,"*"&$B10&"*") | D10: =COUNTIFS('Audit Log'!$B$2:$B$2001,">="&$B$2,'Audit Log'!$F$2:$F$2001,$B$3,'Audit Log'!$S$2:$S$2001,$B$4,'Audit Log'!$Q$2:$Q$2001,"*"&$B10&"*") | E10: =COUNTIFS('Audit Log'!$B$2:$B$2001,">="&$B$2,'Audit Log'!$F$2:$F$2001,$B$3,'Audit Log'!$S$2:$S$2001,$B$4,'Audit Log'!$P$2:$P$2001,"*"&$B10&"*",'Audit Log'!$Q$2:$Q$2001,"*"&$B10&"*") | F10: =$C10+$D10-$E10 | G10: =COUNTIFS('Audit Log'!$B$2:$B$2001,">="&$B$2,'Audit Log'!$F$2:$F$2001,$B$3,'Audit Log'!$S$2:$S$2001,$B$4,'Audit Log'!$P$2:$P$2001,"*"&$B10&"*",'Audit Log'!$O$2:$O$2001,"Valid") | H10: =COUNTIFS('Audit Log'!$B$2:$B$2001,">="&$B$2,'Audit Log'!$F$2:$F$2001,$B$3,'Audit Log'!$S$2:$S$2001,$B$4,'Audit Log'!$Q$2:$Q$2001,"*"&$B10&"*",'Audit Log'!$O$2:$O$2001,"Valid") | I10: =COUNTIFS('Audit Log'!$B$2:$B$2001,">="&$B$2,'Audit Log'!$F$2:$F$2001,$B$3,'Audit Log'!$S$2:$S$2001,$B$4,'Audit Log'!$P$2:$P$2001,"*"&$B10&"*",'Audit Log'!$Q$2:$Q$2001,"*"&$B10&"*",'Audit Log'!$O$2:$O$2001,"Valid") | J10: =$G10+$H10-$I10 | K10: =$F10-$J10 | L10: =IFERROR($K10/$F10,0)
A11: Void | B11: Void | C11: =COUNTIFS('Audit Log'!$B$2:$B$2001,">="&$B$2,'Audit Log'!$F$2:$F$2001,$B$3,'Audit Log'!$S$2:$S$2001,$B$4,'Audit Log'!$P$2:$P$2001,"*"&$B11&"*") | D11: =COUNTIFS('Audit Log'!$B$2:$B$2001,">="&$B$2,'Audit Log'!$F$2:$F$2001,$B$3,'Audit Log'!$S$2:$S$2001,$B$4,'Audit Log'!$Q$2:$Q$2001,"*"&$B11&"*") | E11: =COUNTIFS('Audit Log'!$B$2:$B$2001,">="&$B$2,'Audit Log'!$F$2:$F$2001,$B$3,'Audit Log'!$S$2:$S$2001,$B$4,'Audit Log'!$P$2:$P$2001,"*"&$B11&"*",'Audit Log'!$Q$2:$Q$2001,"*"&$B11&"*") | F11: =$C11+$D11-$E11 | G11: =COUNTIFS('Audit Log'!$B$2:$B$2001,">="&$B$2,'Audit Log'!$F$2:$F$2001,$B$3,'Audit Log'!$S$2:$S$2001,$B$4,'Audit Log'!$P$2:$P$2001,"*"&$B11&"*",'Audit Log'!$O$2:$O$2001,"Valid") | H11: =COUNTIFS('Audit Log'!$B$2:$B$2001,">="&$B$2,'Audit Log'!$F$2:$F$2001,$B$3,'Audit Log'!$S$2:$S$2001,$B$4,'Audit Log'!$Q$2:$Q$2001,"*"&$B11&"*",'Audit Log'!$O$2:$O$2001,"Valid") | I11: =COUNTIFS('Audit Log'!$B$2:$B$2001,">="&$B$2,'Audit Log'!$F$2:$F$2001,$B$3,'Audit Log'!$S$2:$S$2001,$B$4,'Audit Log'!$P$2:$P$2001,"*"&$B11&"*",'Audit Log'!$Q$2:$Q$2001,"*"&$B11&"*",'Audit Log'!$O$2:$O$2001,"Valid") | J11: =$G11+$H11-$I11 | K11: =$F11-$J11 | L11: =IFERROR($K11/$F11,0)
